,device_name,mac_addr,eddystone_instance_id,rssi,timestamp
03:03.4,AgileVision Beacon,D9:77:0F:A8:70:38,2,-78,03:03.4
03:03.6,AgileVision Beacon,C1:E2:F7:D0:6B:8C,6,-88,03:03.6
03:03.6,AgileVision Beacon,F7:7C:03:9B:24:1D,5,-82,03:03.6
03:03.6,AgileVision Beacon,E6:19:C3:98:50:7C,4,-88,03:03.6
03:03.7,AgileVision Beacon,C8:7E:06:A7:D7:3E,1,-43,03:03.7
03:03.8,AgileVision Beacon,D9:77:0F:A8:70:38,2,-83,03:03.8
03:04.0,AgileVision Beacon,C8:7E:06:A7:D7:3E,1,-52,03:04.0
03:04.0,AgileVision Beacon,FB:48:A7:41:3F:C8,3,-81,03:04.0
03:04.0,AgileVision Beacon,C1:E2:F7:D0:6B:8C,6,-78,03:04.0
03:04.0,AgileVision Beacon,F7:7C:03:9B:24:1D,5,-77,03:04.0
03:04.1,AgileVision Beacon,E6:19:C3:98:50:7C,4,-81,03:04.1
03:04.2,AgileVision Beacon,E6:19:C3:98:50:7C,4,-80,03:04.2
03:04.4,AgileVision Beacon,C8:7E:06:A7:D7:3E,1,-50,03:04.4
03:04.4,AgileVision Beacon,FB:48:A7:41:3F:C8,3,-80,03:04.4
03:04.4,AgileVision Beacon,C1:E2:F7:D0:6B:8C,6,-77,03:04.4
03:04.5,AgileVision Beacon,D9:77:0F:A8:70:38,2,-88,03:04.5
03:04.5,AgileVision Beacon,F7:7C:03:9B:24:1D,5,-77,03:04.5
03:04.8,AgileVision Beacon,F7:7C:03:9B:24:1D,5,-77,03:04.8
03:04.8,AgileVision Beacon,C8:7E:06:A7:D7:3E,1,-51,03:04.8
03:04.8,AgileVision Beacon,E6:19:C3:98:50:7C,4,-80,03:04.8
03:04.8,AgileVision Beacon,FB:48:A7:41:3F:C8,3,-81,03:04.8
03:04.8,AgileVision Beacon,C1:E2:F7:D0:6B:8C,6,-77,03:04.8
03:04.9,AgileVision Beacon,D9:77:0F:A8:70:38,2,-87,03:04.9
03:05.2,AgileVision Beacon,D9:77:0F:A8:70:38,2,-86,03:05.2
03:05.2,AgileVision Beacon,F7:7C:03:9B:24:1D,5,-77,03:05.2
03:05.2,AgileVision Beacon,C8:7E:06:A7:D7:3E,1,-50,03:05.2
03:05.2,AgileVision Beacon,E6:19:C3:98:50:7C,4,-80,03:05.2
03:05.3,AgileVision Beacon,FB:48:A7:41:3F:C8,3,-80,03:05.3
03:05.3,AgileVision Beacon,C1:E2:F7:D0:6B:8C,6,-77,03:05.3
03:05.5,AgileVision Beacon,D9:77:0F:A8:70:38,2,-85,03:05.5
03:05.5,AgileVision Beacon,E6:19:C3:98:50:7C,4,-80,03:05.5
03:05.6,AgileVision Beacon,C1:E2:F7:D0:6B:8C,6,-77,03:05.6
03:05.6,AgileVision Beacon,C8:7E:06:A7:D7:3E,1,-51,03:05.6
03:05.6,AgileVision Beacon,F7:7C:03:9B:24:1D,5,-78,03:05.6
03:05.7,AgileVision Beacon,FB:48:A7:41:3F:C8,3,-80,03:05.7
03:06.0,AgileVision Beacon,FB:48:A7:41:3F:C8,3,-81,03:06.0
03:06.0,AgileVision Beacon,C1:E2:F7:D0:6B:8C,6,-77,03:06.0
03:06.0,AgileVision Beacon,D9:77:0F:A8:70:38,2,-86,03:06.0
03:06.1,AgileVision Beacon,C8:7E:06:A7:D7:3E,1,-51,03:06.1
03:06.1,AgileVision Beacon,F7:7C:03:9B:24:1D,5,-78,03:06.1
03:06.1,AgileVision Beacon,E6:19:C3:98:50:7C,4,-79,03:06.1
03:06.4,AgileVision Beacon,FB:48:A7:41:3F:C8,3,-81,03:06.4
03:06.4,AgileVision Beacon,C1:E2:F7:D0:6B:8C,6,-78,03:06.4
03:06.5,AgileVision Beacon,D9:77:0F:A8:70:38,2,-85,03:06.5
03:06.5,AgileVision Beacon,F7:7C:03:9B:24:1D,5,-78,03:06.5
03:06.5,AgileVision Beacon,C8:7E:06:A7:D7:3E,1,-50,03:06.5
03:06.5,AgileVision Beacon,E6:19:C3:98:50:7C,4,-80,03:06.5
03:06.8,AgileVision Beacon,F7:7C:03:9B:24:1D,5,-77,03:06.8
03:06.8,AgileVision Beacon,E6:19:C3:98:50:7C,4,-80,03:06.8
03:06.8,AgileVision Beacon,FB:48:A7:41:3F:C8,3,-82,03:06.8
03:06.9,AgileVision Beacon,C1:E2:F7:D0:6B:8C,6,-82,03:06.9
03:06.9,AgileVision Beacon,D9:77:0F:A8:70:38,2,-74,03:06.9
03:06.9,AgileVision Beacon,C8:7E:06:A7:D7:3E,1,-49,03:06.9
03:07.2,AgileVision Beacon,C8:7E:06:A7:D7:3E,1,-49,03:07.2
03:07.2,AgileVision Beacon,F7:7C:03:9B:24:1D,5,-86,03:07.2
03:07.2,AgileVision Beacon,E6:19:C3:98:50:7C,4,-77,03:07.2
03:07.3,AgileVision Beacon,FB:48:A7:41:3F:C8,3,-82,03:07.3
03:07.3,AgileVision Beacon,C1:E2:F7:D0:6B:8C,6,-82,03:07.3
03:07.3,AgileVision Beacon,D9:77:0F:A8:70:38,2,-74,03:07.3
03:07.6,AgileVision Beacon,D9:77:0F:A8:70:38,2,-74,03:07.6
03:07.6,AgileVision Beacon,C1:E2:F7:D0:6B:8C,6,-81,03:07.6
03:07.6,AgileVision Beacon,C8:7E:06:A7:D7:3E,1,-48,03:07.6
03:07.6,AgileVision Beacon,F7:7C:03:9B:24:1D,5,-85,03:07.6
03:07.6,AgileVision Beacon,E6:19:C3:98:50:7C,4,-77,03:07.6
03:07.7,AgileVision Beacon,FB:48:A7:41:3F:C8,3,-82,03:07.7
03:08.0,AgileVision Beacon,D9:77:0F:A8:70:38,2,-73,03:08.0
03:08.0,AgileVision Beacon,C1:E2:F7:D0:6B:8C,6,-82,03:08.0
03:08.0,AgileVision Beacon,C8:7E:06:A7:D7:3E,1,-48,03:08.0
03:08.0,AgileVision Beacon,F7:7C:03:9B:24:1D,5,-85,03:08.0
03:08.1,AgileVision Beacon,E6:19:C3:98:50:7C,4,-77,03:08.1
03:08.1,AgileVision Beacon,FB:48:A7:41:3F:C8,3,-81,03:08.1
03:08.4,AgileVision Beacon,D9:77:0F:A8:70:38,2,-74,03:08.4
03:08.4,AgileVision Beacon,C1:E2:F7:D0:6B:8C,6,-82,03:08.4
03:08.5,AgileVision Beacon,F7:7C:03:9B:24:1D,5,-85,03:08.5
03:08.5,AgileVision Beacon,C8:7E:06:A7:D7:3E,1,-49,03:08.5
03:08.5,AgileVision Beacon,E6:19:C3:98:50:7C,4,-77,03:08.5
03:08.5,AgileVision Beacon,FB:48:A7:41:3F:C8,3,-82,03:08.5
03:08.8,AgileVision Beacon,C1:E2:F7:D0:6B:8C,6,-81,03:08.8
03:08.8,AgileVision Beacon,FB:48:A7:41:3F:C8,3,-82,03:08.8
03:08.9,AgileVision Beacon,D9:77:0F:A8:70:38,2,-72,03:08.9
03:08.9,AgileVision Beacon,C8:7E:06:A7:D7:3E,1,-49,03:08.9
03:08.9,AgileVision Beacon,F7:7C:03:9B:24:1D,5,-85,03:08.9
03:08.9,AgileVision Beacon,E6:19:C3:98:50:7C,4,-77,03:08.9
03:09.2,AgileVision Beacon,FB:48:A7:41:3F:C8,3,-82,03:09.2
03:09.3,AgileVision Beacon,C1:E2:F7:D0:6B:8C,6,-82,03:09.3
03:09.3,AgileVision Beacon,D9:77:0F:A8:70:38,2,-74,03:09.3
03:09.3,AgileVision Beacon,C8:7E:06:A7:D7:3E,1,-49,03:09.3
03:09.3,AgileVision Beacon,F7:7C:03:9B:24:1D,5,-84,03:09.3
03:09.3,AgileVision Beacon,E6:19:C3:98:50:7C,4,-77,03:09.3
03:09.6,AgileVision Beacon,C1:E2:F7:D0:6B:8C,6,-82,03:09.6
03:09.6,AgileVision Beacon,D9:77:0F:A8:70:38,2,-75,03:09.6
03:09.6,AgileVision Beacon,F7:7C:03:9B:24:1D,5,-83,03:09.6
03:09.6,AgileVision Beacon,E6:19:C3:98:50:7C,4,-77,03:09.6
03:09.7,AgileVision Beacon,FB:48:A7:41:3F:C8,3,-82,03:09.7
03:09.7,AgileVision Beacon,C8:7E:06:A7:D7:3E,1,-49,03:09.7
03:10.0,AgileVision Beacon,C8:7E:06:A7:D7:3E,1,-48,03:10.0
03:10.1,AgileVision Beacon,F7:7C:03:9B:24:1D,5,-83,03:10.1
03:10.1,AgileVision Beacon,E6:19:C3:98:50:7C,4,-77,03:10.1
03:10.1,AgileVision Beacon,FB:48:A7:41:3F:C8,3,-81,03:10.1
03:10.1,AgileVision Beacon,C1:E2:F7:D0:6B:8C,6,-82,03:10.1
03:10.1,AgileVision Beacon,D9:77:0F:A8:70:38,2,-74,03:10.1
03:10.4,AgileVision Beacon,D9:77:0F:A8:70:38,2,-74,03:10.4
03:10.5,AgileVision Beacon,C8:7E:06:A7:D7:3E,1,-48,03:10.5
03:10.5,AgileVision Beacon,F7:7C:03:9B:24:1D,5,-84,03:10.5
03:10.5,AgileVision Beacon,E6:19:C3:98:50:7C,4,-77,03:10.5
03:10.5,AgileVision Beacon,FB:48:A7:41:3F:C8,3,-83,03:10.5
03:10.5,AgileVision Beacon,C1:E2:F7:D0:6B:8C,6,-81,03:10.5
03:10.8,AgileVision Beacon,C1:E2:F7:D0:6B:8C,6,-82,03:10.8
03:10.9,AgileVision Beacon,C8:7E:06:A7:D7:3E,1,-49,03:10.9
03:10.9,AgileVision Beacon,D9:77:0F:A8:70:38,2,-74,03:10.9
03:10.9,AgileVision Beacon,F7:7C:03:9B:24:1D,5,-83,03:10.9
03:10.9,AgileVision Beacon,E6:19:C3:98:50:7C,4,-78,03:10.9
03:10.9,AgileVision Beacon,FB:48:A7:41:3F:C8,3,-83,03:10.9
03:11.3,AgileVision Beacon,C1:E2:F7:D0:6B:8C,6,-81,03:11.3
03:11.3,AgileVision Beacon,C8:7E:06:A7:D7:3E,1,-48,03:11.3
03:11.3,AgileVision Beacon,D9:77:0F:A8:70:38,2,-74,03:11.3
03:11.3,AgileVision Beacon,F7:7C:03:9B:24:1D,5,-84,03:11.3
03:11.3,AgileVision Beacon,E6:19:C3:98:50:7C,4,-77,03:11.3
03:11.3,AgileVision Beacon,FB:48:A7:41:3F:C8,3,-83,03:11.3
03:11.7,AgileVision Beacon,FB:48:A7:41:3F:C8,3,-82,03:11.7
03:11.7,AgileVision Beacon,C1:E2:F7:D0:6B:8C,6,-82,03:11.7
03:11.7,AgileVision Beacon,C8:7E:06:A7:D7:3E,1,-48,03:11.7
03:11.7,AgileVision Beacon,D9:77:0F:A8:70:38,2,-74,03:11.7
03:11.7,AgileVision Beacon,F7:7C:03:9B:24:1D,5,-84,03:11.7
03:11.8,AgileVision Beacon,E6:19:C3:98:50:7C,4,-77,03:11.8
03:12.0,AgileVision Beacon,E6:19:C3:98:50:7C,4,-86,03:12.0
03:12.1,AgileVision Beacon,FB:48:A7:41:3F:C8,3,-83,03:12.1
03:12.1,AgileVision Beacon,C1:E2:F7:D0:6B:8C,6,-79,03:12.1
03:12.1,AgileVision Beacon,C8:7E:06:A7:D7:3E,1,-47,03:12.1
03:12.1,AgileVision Beacon,D9:77:0F:A8:70:38,2,-76,03:12.1
03:12.1,AgileVision Beacon,F7:7C:03:9B:24:1D,5,-79,03:12.1
03:12.4,AgileVision Beacon,C1:E2:F7:D0:6B:8C,6,-79,03:12.4
03:12.4,AgileVision Beacon,C8:7E:06:A7:D7:3E,1,-47,03:12.4
03:12.5,AgileVision Beacon,F7:7C:03:9B:24:1D,5,-79,03:12.5
03:12.5,AgileVision Beacon,E6:19:C3:98:50:7C,4,-86,03:12.5
03:12.5,AgileVision Beacon,FB:48:A7:41:3F:C8,3,-82,03:12.5
03:12.6,AgileVision Beacon,D9:77:0F:A8:70:38,2,-76,03:12.6
03:12.8,AgileVision Beacon,FB:48:A7:41:3F:C8,3,-82,03:12.8
03:12.8,AgileVision Beacon,C8:7E:06:A7:D7:3E,1,-47,03:12.8
03:12.9,AgileVision Beacon,C1:E2:F7:D0:6B:8C,6,-79,03:12.9
03:12.9,AgileVision Beacon,D9:77:0F:A8:70:38,2,-76,03:12.9
03:12.9,AgileVision Beacon,F7:7C:03:9B:24:1D,5,-79,03:12.9
03:12.9,AgileVision Beacon,E6:19:C3:98:50:7C,4,-86,03:12.9
03:13.2,AgileVision Beacon,FB:48:A7:41:3F:C8,3,-83,03:13.2
03:13.3,AgileVision Beacon,D9:77:0F:A8:70:38,2,-76,03:13.3
03:13.3,AgileVision Beacon,E6:19:C3:98:50:7C,4,-86,03:13.3
03:13.3,AgileVision Beacon,F7:7C:03:9B:24:1D,5,-80,03:13.3
03:13.4,AgileVision Beacon,C1:E2:F7:D0:6B:8C,6,-80,03:13.4
03:13.4,AgileVision Beacon,C8:7E:06:A7:D7:3E,1,-48,03:13.4
03:13.7,AgileVision Beacon,C8:7E:06:A7:D7:3E,1,-48,03:13.7
03:13.7,AgileVision Beacon,D9:77:0F:A8:70:38,2,-76,03:13.7
03:13.7,AgileVision Beacon,F7:7C:03:9B:24:1D,5,-80,03:13.7
03:13.7,AgileVision Beacon,E6:19:C3:98:50:7C,4,-86,03:13.7
03:13.8,AgileVision Beacon,FB:48:A7:41:3F:C8,3,-83,03:13.8
03:13.8,AgileVision Beacon,C1:E2:F7:D0:6B:8C,6,-79,03:13.8
03:14.0,AgileVision Beacon,E6:19:C3:98:50:7C,4,-86,03:14.0
03:14.1,AgileVision Beacon,F7:7C:03:9B:24:1D,5,-80,03:14.1
03:14.1,AgileVision Beacon,C1:E2:F7:D0:6B:8C,6,-79,03:14.1
03:14.1,AgileVision Beacon,C8:7E:06:A7:D7:3E,1,-47,03:14.1
03:14.1,AgileVision Beacon,D9:77:0F:A8:70:38,2,-77,03:14.1
03:14.2,AgileVision Beacon,FB:48:A7:41:3F:C8,3,-83,03:14.2
03:14.5,AgileVision Beacon,FB:48:A7:41:3F:C8,3,-83,03:14.5
03:14.5,AgileVision Beacon,C1:E2:F7:D0:6B:8C,6,-79,03:14.5
03:14.5,AgileVision Beacon,C8:7E:06:A7:D7:3E,1,-47,03:14.5
03:14.6,AgileVision Beacon,D9:77:0F:A8:70:38,2,-78,03:14.6
03:14.6,AgileVision Beacon,E6:19:C3:98:50:7C,4,-86,03:14.6
03:14.6,AgileVision Beacon,F7:7C:03:9B:24:1D,5,-81,03:14.6
03:14.9,AgileVision Beacon,FB:48:A7:41:3F:C8,3,-83,03:14.9
03:14.9,AgileVision Beacon,C1:E2:F7:D0:6B:8C,6,-79,03:14.9
03:15.0,AgileVision Beacon,C8:7E:06:A7:D7:3E,1,-47,03:15.0
03:15.0,AgileVision Beacon,E6:19:C3:98:50:7C,4,-86,03:15.0
03:15.0,AgileVision Beacon,D9:77:0F:A8:70:38,2,-77,03:15.0
03:15.0,AgileVision Beacon,F7:7C:03:9B:24:1D,5,-81,03:15.0
03:15.2,AgileVision Beacon,E6:19:C3:98:50:7C,4,-87,03:15.2
03:15.3,AgileVision Beacon,FB:48:A7:41:3F:C8,3,-83,03:15.3
03:15.4,AgileVision Beacon,C1:E2:F7:D0:6B:8C,6,-78,03:15.4
03:15.4,AgileVision Beacon,C8:7E:06:A7:D7:3E,1,-48,03:15.4
03:15.4,AgileVision Beacon,D9:77:0F:A8:70:38,2,-78,03:15.4
03:15.4,AgileVision Beacon,F7:7C:03:9B:24:1D,5,-82,03:15.4
03:15.7,AgileVision Beacon,FB:48:A7:41:3F:C8,3,-83,03:15.7
03:15.8,AgileVision Beacon,C1:E2:F7:D0:6B:8C,6,-79,03:15.8
03:15.8,AgileVision Beacon,C8:7E:06:A7:D7:3E,1,-47,03:15.8
03:15.8,AgileVision Beacon,F7:7C:03:9B:24:1D,5,-81,03:15.8
03:15.8,AgileVision Beacon,E6:19:C3:98:50:7C,4,-86,03:15.8
03:15.8,AgileVision Beacon,D9:77:0F:A8:70:38,2,-78,03:15.8
03:16.1,AgileVision Beacon,E6:19:C3:98:50:7C,4,-86,03:16.1
03:16.2,AgileVision Beacon,FB:48:A7:41:3F:C8,3,-83,03:16.2
03:16.2,AgileVision Beacon,C1:E2:F7:D0:6B:8C,6,-79,03:16.2
03:16.2,AgileVision Beacon,C8:7E:06:A7:D7:3E,1,-48,03:16.2
03:16.2,AgileVision Beacon,F7:7C:03:9B:24:1D,5,-81,03:16.2
03:16.2,AgileVision Beacon,D9:77:0F:A8:70:38,2,-78,03:16.2
03:16.4,AgileVision Beacon,D9:77:0F:A8:70:38,2,-77,03:16.4
03:16.5,AgileVision Beacon,C8:7E:06:A7:D7:3E,1,-48,03:16.5
03:16.5,AgileVision Beacon,E6:19:C3:98:50:7C,4,-87,03:16.5
03:16.6,AgileVision Beacon,FB:48:A7:41:3F:C8,3,-83,03:16.6
03:16.6,AgileVision Beacon,C1:E2:F7:D0:6B:8C,6,-78,03:16.6
03:16.6,AgileVision Beacon,F7:7C:03:9B:24:1D,5,-81,03:16.6
03:16.9,AgileVision Beacon,E6:19:C3:98:50:7C,4,-81,03:16.9
03:17.0,AgileVision Beacon,D9:77:0F:A8:70:38,2,-81,03:17.0
03:17.0,AgileVision Beacon,FB:48:A7:41:3F:C8,3,-80,03:17.0
03:17.0,AgileVision Beacon,C1:E2:F7:D0:6B:8C,6,-78,03:17.0
03:17.1,AgileVision Beacon,C8:7E:06:A7:D7:3E,1,-51,03:17.1
03:17.1,AgileVision Beacon,F7:7C:03:9B:24:1D,5,-78,03:17.1
03:17.4,AgileVision Beacon,C8:7E:06:A7:D7:3E,1,-51,03:17.4
03:17.4,AgileVision Beacon,E6:19:C3:98:50:7C,4,-80,03:17.4
03:17.4,AgileVision Beacon,D9:77:0F:A8:70:38,2,-80,03:17.4
03:17.4,AgileVision Beacon,FB:48:A7:41:3F:C8,3,-80,03:17.4
03:17.4,AgileVision Beacon,C1:E2:F7:D0:6B:8C,6,-78,03:17.4
03:17.5,AgileVision Beacon,F7:7C:03:9B:24:1D,5,-77,03:17.5
03:17.8,AgileVision Beacon,F7:7C:03:9B:24:1D,5,-77,03:17.8
03:17.8,AgileVision Beacon,E6:19:C3:98:50:7C,4,-80,03:17.8
03:17.8,AgileVision Beacon,C8:7E:06:A7:D7:3E,1,-51,03:17.8
03:17.8,AgileVision Beacon,D9:77:0F:A8:70:38,2,-82,03:17.8
03:17.8,AgileVision Beacon,FB:48:A7:41:3F:C8,3,-81,03:17.8
03:17.8,AgileVision Beacon,C1:E2:F7:D0:6B:8C,6,-78,03:17.8
03:18.1,AgileVision Beacon,F7:7C:03:9B:24:1D,5,-77,03:18.1
03:18.1,AgileVision Beacon,E6:19:C3:98:50:7C,4,-80,03:18.1
03:18.2,AgileVision Beacon,C8:7E:06:A7:D7:3E,1,-51,03:18.2
03:18.2,AgileVision Beacon,D9:77:0F:A8:70:38,2,-81,03:18.2
03:18.3,AgileVision Beacon,FB:48:A7:41:3F:C8,3,-80,03:18.3
03:18.3,AgileVision Beacon,C1:E2:F7:D0:6B:8C,6,-78,03:18.3
03:18.6,AgileVision Beacon,C1:E2:F7:D0:6B:8C,6,-79,03:18.6
03:18.6,AgileVision Beacon,F7:7C:03:9B:24:1D,5,-77,03:18.6
03:18.6,AgileVision Beacon,E6:19:C3:98:50:7C,4,-81,03:18.6
03:18.6,AgileVision Beacon,C8:7E:06:A7:D7:3E,1,-51,03:18.6
03:18.7,AgileVision Beacon,D9:77:0F:A8:70:38,2,-81,03:18.7
03:18.7,AgileVision Beacon,FB:48:A7:41:3F:C8,3,-80,03:18.7
03:19.0,AgileVision Beacon,C1:E2:F7:D0:6B:8C,6,-78,03:19.0
03:19.0,AgileVision Beacon,F7:7C:03:9B:24:1D,5,-77,03:19.0
03:19.0,AgileVision Beacon,E6:19:C3:98:50:7C,4,-80,03:19.0
03:19.0,AgileVision Beacon,C8:7E:06:A7:D7:3E,1,-51,03:19.0
03:19.1,AgileVision Beacon,D9:77:0F:A8:70:38,2,-81,03:19.1
03:19.1,AgileVision Beacon,FB:48:A7:41:3F:C8,3,-81,03:19.1
03:19.4,AgileVision Beacon,D9:77:0F:A8:70:38,2,-81,03:19.4
03:19.4,AgileVision Beacon,FB:48:A7:41:3F:C8,3,-80,03:19.4
03:19.4,AgileVision Beacon,C1:E2:F7:D0:6B:8C,6,-78,03:19.4
03:19.4,AgileVision Beacon,F7:7C:03:9B:24:1D,5,-78,03:19.4
03:19.5,AgileVision Beacon,E6:19:C3:98:50:7C,4,-80,03:19.5
03:19.5,AgileVision Beacon,C8:7E:06:A7:D7:3E,1,-51,03:19.5
03:19.8,AgileVision Beacon,FB:48:A7:41:3F:C8,3,-80,03:19.8
03:19.8,AgileVision Beacon,D9:77:0F:A8:70:38,2,-81,03:19.8
03:19.8,AgileVision Beacon,C1:E2:F7:D0:6B:8C,6,-79,03:19.8
03:19.8,AgileVision Beacon,F7:7C:03:9B:24:1D,5,-77,03:19.8
03:19.9,AgileVision Beacon,E6:19:C3:98:50:7C,4,-81,03:19.9
03:19.9,AgileVision Beacon,C8:7E:06:A7:D7:3E,1,-51,03:19.9
03:19.9,AgileVision Beacon,C1:E2:F7:D0:6B:8C,6,-78,03:19.9
03:20.1,AgileVision Beacon,F7:7C:03:9B:24:1D,5,-77,03:20.1
03:20.2,AgileVision Beacon,E6:19:C3:98:50:7C,4,-80,03:20.2
03:20.2,AgileVision Beacon,C8:7E:06:A7:D7:3E,1,-51,03:20.2
03:20.2,AgileVision Beacon,D9:77:0F:A8:70:38,2,-87,03:20.2
03:20.2,AgileVision Beacon,FB:48:A7:41:3F:C8,3,-81,03:20.2
03:20.6,AgileVision Beacon,E6:19:C3:98:50:7C,4,-81,03:20.6
03:20.6,AgileVision Beacon,C8:7E:06:A7:D7:3E,1,-51,03:20.6
03:20.7,AgileVision Beacon,D9:77:0F:A8:70:38,2,-86,03:20.7
03:20.7,AgileVision Beacon,FB:48:A7:41:3F:C8,3,-80,03:20.7
03:20.7,AgileVision Beacon,F7:7C:03:9B:24:1D,5,-78,03:20.7
03:20.7,AgileVision Beacon,C1:E2:F7:D0:6B:8C,6,-78,03:20.7
03:20.7,AgileVision Beacon,E6:19:C3:98:50:7C,4,-81,03:20.7
03:20.9,AgileVision Beacon,C8:7E:06:A7:D7:3E,1,-51,03:20.9
03:21.0,AgileVision Beacon,F7:7C:03:9B:24:1D,5,-77,03:21.0
03:21.0,AgileVision Beacon,C1:E2:F7:D0:6B:8C,6,-78,03:21.0
03:21.1,AgileVision Beacon,D9:77:0F:A8:70:38,2,-86,03:21.1
03:21.1,AgileVision Beacon,FB:48:A7:41:3F:C8,3,-81,03:21.1
03:21.4,AgileVision Beacon,D9:77:0F:A8:70:38,2,-87,03:21.4
03:21.4,AgileVision Beacon,FB:48:A7:41:3F:C8,3,-80,03:21.4
03:21.4,AgileVision Beacon,C1:E2:F7:D0:6B:8C,6,-78,03:21.4
03:21.4,AgileVision Beacon,F7:7C:03:9B:24:1D,5,-78,03:21.4
03:21.4,AgileVision Beacon,C8:7E:06:A7:D7:3E,1,-50,03:21.4
03:21.5,AgileVision Beacon,E6:19:C3:98:50:7C,4,-80,03:21.5
03:21.7,AgileVision Beacon,F7:7C:03:9B:24:1D,5,-77,03:21.7
03:21.7,AgileVision Beacon,C1:E2:F7:D0:6B:8C,6,-78,03:21.7
03:21.8,AgileVision Beacon,FB:48:A7:41:3F:C8,3,-81,03:21.8
03:21.9,AgileVision Beacon,C8:7E:06:A7:D7:3E,1,-48,03:21.9
03:21.9,AgileVision Beacon,E6:19:C3:98:50:7C,4,-77,03:21.9
03:21.9,AgileVision Beacon,D9:77:0F:A8:70:38,2,-73,03:21.9
03:22.2,AgileVision Beacon,E6:19:C3:98:50:7C,4,-77,03:22.2
03:22.2,AgileVision Beacon,D9:77:0F:A8:70:38,2,-73,03:22.2
03:22.2,AgileVision Beacon,FB:48:A7:41:3F:C8,3,-81,03:22.2
03:22.3,AgileVision Beacon,C1:E2:F7:D0:6B:8C,6,-82,03:22.3
03:22.3,AgileVision Beacon,F7:7C:03:9B:24:1D,5,-83,03:22.3
03:22.3,AgileVision Beacon,C8:7E:06:A7:D7:3E,1,-48,03:22.3
03:22.6,AgileVision Beacon,D9:77:0F:A8:70:38,2,-73,03:22.6
03:22.7,AgileVision Beacon,FB:48:A7:41:3F:C8,3,-82,03:22.7
03:22.7,AgileVision Beacon,C1:E2:F7:D0:6B:8C,6,-81,03:22.7
03:22.7,AgileVision Beacon,F7:7C:03:9B:24:1D,5,-82,03:22.7
03:22.7,AgileVision Beacon,C8:7E:06:A7:D7:3E,1,-48,03:22.7
03:22.7,AgileVision Beacon,E6:19:C3:98:50:7C,4,-77,03:22.7
03:23.0,AgileVision Beacon,E6:19:C3:98:50:7C,4,-77,03:23.0
03:23.1,AgileVision Beacon,D9:77:0F:A8:70:38,2,-73,03:23.1
03:23.1,AgileVision Beacon,FB:48:A7:41:3F:C8,3,-82,03:23.1
03:23.1,AgileVision Beacon,F7:7C:03:9B:24:1D,5,-82,03:23.1
03:23.1,AgileVision Beacon,C8:7E:06:A7:D7:3E,1,-49,03:23.1
03:23.1,AgileVision Beacon,C1:E2:F7:D0:6B:8C,6,-82,03:23.1
03:23.4,AgileVision Beacon,C8:7E:06:A7:D7:3E,1,-49,03:23.4
03:23.4,AgileVision Beacon,C1:E2:F7:D0:6B:8C,6,-82,03:23.4
03:23.5,AgileVision Beacon,E6:19:C3:98:50:7C,4,-77,03:23.5
03:23.5,AgileVision Beacon,D9:77:0F:A8:70:38,2,-73,03:23.5
03:23.5,AgileVision Beacon,FB:48:A7:41:3F:C8,3,-81,03:23.5
03:23.5,AgileVision Beacon,F7:7C:03:9B:24:1D,5,-81,03:23.5
03:23.7,AgileVision Beacon,F7:7C:03:9B:24:1D,5,-82,03:23.7
03:23.9,AgileVision Beacon,C8:7E:06:A7:D7:3E,1,-49,03:23.9
03:23.9,AgileVision Beacon,C1:E2:F7:D0:6B:8C,6,-82,03:23.9
03:23.9,AgileVision Beacon,E6:19:C3:98:50:7C,4,-77,03:23.9
03:23.9,AgileVision Beacon,D9:77:0F:A8:70:38,2,-73,03:23.9
03:23.9,AgileVision Beacon,FB:48:A7:41:3F:C8,3,-81,03:23.9
03:24.2,AgileVision Beacon,FB:48:A7:41:3F:C8,3,-82,03:24.2
03:24.3,AgileVision Beacon,C8:7E:06:A7:D7:3E,1,-49,03:24.3
03:24.3,AgileVision Beacon,F7:7C:03:9B:24:1D,5,-83,03:24.3
03:24.3,AgileVision Beacon,C1:E2:F7:D0:6B:8C,6,-81,03:24.3
03:24.3,AgileVision Beacon,E6:19:C3:98:50:7C,4,-77,03:24.3
03:24.3,AgileVision Beacon,D9:77:0F:A8:70:38,2,-74,03:24.3
03:24.7,AgileVision Beacon,FB:48:A7:41:3F:C8,3,-82,03:24.7
03:24.7,AgileVision Beacon,C8:7E:06:A7:D7:3E,1,-49,03:24.7
03:24.7,AgileVision Beacon,C1:E2:F7:D0:6B:8C,6,-81,03:24.7
03:24.7,AgileVision Beacon,F7:7C:03:9B:24:1D,5,-84,03:24.7
03:24.7,AgileVision Beacon,E6:19:C3:98:50:7C,4,-77,03:24.7
03:24.7,AgileVision Beacon,D9:77:0F:A8:70:38,2,-75,03:24.7
03:25.1,AgileVision Beacon,D9:77:0F:A8:70:38,2,-75,03:25.1
03:25.1,AgileVision Beacon,FB:48:A7:41:3F:C8,3,-81,03:25.1
03:25.1,AgileVision Beacon,C8:7E:06:A7:D7:3E,1,-49,03:25.1
03:25.1,AgileVision Beacon,F7:7C:03:9B:24:1D,5,-85,03:25.1
03:25.1,AgileVision Beacon,C1:E2:F7:D0:6B:8C,6,-81,03:25.1
03:25.2,AgileVision Beacon,E6:19:C3:98:50:7C,4,-77,03:25.2
03:25.5,AgileVision Beacon,D9:77:0F:A8:70:38,2,-75,03:25.5
03:25.5,AgileVision Beacon,E6:19:C3:98:50:7C,4,-77,03:25.5
03:25.5,AgileVision Beacon,FB:48:A7:41:3F:C8,3,-82,03:25.5
03:25.5,AgileVision Beacon,C8:7E:06:A7:D7:3E,1,-49,03:25.5
03:25.5,AgileVision Beacon,F7:7C:03:9B:24:1D,5,-85,03:25.5
03:25.6,AgileVision Beacon,C1:E2:F7:D0:6B:8C,6,-82,03:25.6
03:25.8,AgileVision Beacon,F7:7C:03:9B:24:1D,5,-85,03:25.8
03:25.9,AgileVision Beacon,E6:19:C3:98:50:7C,4,-77,03:25.9
03:25.9,AgileVision Beacon,D9:77:0F:A8:70:38,2,-75,03:25.9
03:25.9,AgileVision Beacon,FB:48:A7:41:3F:C8,3,-81,03:25.9
03:26.0,AgileVision Beacon,C8:7E:06:A7:D7:3E,1,-49,03:26.0
03:26.0,AgileVision Beacon,C1:E2:F7:D0:6B:8C,6,-82,03:26.0
03:26.3,AgileVision Beacon,C8:7E:06:A7:D7:3E,1,-49,03:26.3
03:26.3,AgileVision Beacon,C1:E2:F7:D0:6B:8C,6,-81,03:26.3
03:26.3,AgileVision Beacon,E6:19:C3:98:50:7C,4,-77,03:26.3
03:26.3,AgileVision Beacon,D9:77:0F:A8:70:38,2,-75,03:26.3
03:26.4,AgileVision Beacon,FB:48:A7:41:3F:C8,3,-82,03:26.4
03:26.4,AgileVision Beacon,F7:7C:03:9B:24:1D,5,-82,03:26.4
03:26.7,AgileVision Beacon,FB:48:A7:41:3F:C8,3,-81,03:26.7
03:26.7,AgileVision Beacon,F7:7C:03:9B:24:1D,5,-81,03:26.7
03:26.7,AgileVision Beacon,C8:7E:06:A7:D7:3E,1,-52,03:26.7
03:26.7,AgileVision Beacon,C1:E2:F7:D0:6B:8C,6,-82,03:26.7
03:26.7,AgileVision Beacon,E6:19:C3:98:50:7C,4,-77,03:26.7
03:26.7,AgileVision Beacon,D9:77:0F:A8:70:38,2,-75,03:26.7
03:27.1,AgileVision Beacon,FB:48:A7:41:3F:C8,3,-83,03:27.1
03:27.1,AgileVision Beacon,F7:7C:03:9B:24:1D,5,-79,03:27.1
03:27.1,AgileVision Beacon,C8:7E:06:A7:D7:3E,1,-51,03:27.1
03:27.1,AgileVision Beacon,C1:E2:F7:D0:6B:8C,6,-80,03:27.1
03:27.1,AgileVision Beacon,E6:19:C3:98:50:7C,4,-86,03:27.1
03:27.2,AgileVision Beacon,D9:77:0F:A8:70:38,2,-76,03:27.2
03:27.5,AgileVision Beacon,FB:48:A7:41:3F:C8,3,-83,03:27.5
03:27.5,AgileVision Beacon,F7:7C:03:9B:24:1D,5,-79,03:27.5
03:27.5,AgileVision Beacon,C8:7E:06:A7:D7:3E,1,-51,03:27.5
03:27.5,AgileVision Beacon,C1:E2:F7:D0:6B:8C,6,-80,03:27.5
03:27.6,AgileVision Beacon,E6:19:C3:98:50:7C,4,-86,03:27.6
03:27.6,AgileVision Beacon,D9:77:0F:A8:70:38,2,-75,03:27.6
03:27.8,AgileVision Beacon,E6:19:C3:98:50:7C,4,-86,03:27.8
03:27.9,AgileVision Beacon,C1:E2:F7:D0:6B:8C,6,-81,03:27.9
03:27.9,AgileVision Beacon,D9:77:0F:A8:70:38,2,-76,03:27.9
03:27.9,AgileVision Beacon,FB:48:A7:41:3F:C8,3,-83,03:27.9
03:27.9,AgileVision Beacon,F7:7C:03:9B:24:1D,5,-79,03:27.9
03:28.0,AgileVision Beacon,C8:7E:06:A7:D7:3E,1,-51,03:28.0
03:28.3,AgileVision Beacon,E6:19:C3:98:50:7C,4,-86,03:28.3
03:28.3,AgileVision Beacon,D9:77:0F:A8:70:38,2,-76,03:28.3
03:28.4,AgileVision Beacon,FB:48:A7:41:3F:C8,3,-83,03:28.4
03:28.4,AgileVision Beacon,F7:7C:03:9B:24:1D,5,-79,03:28.4
03:28.4,AgileVision Beacon,C8:7E:06:A7:D7:3E,1,-50,03:28.4
03:28.4,AgileVision Beacon,C1:E2:F7:D0:6B:8C,6,-81,03:28.4
03:28.6,AgileVision Beacon,FB:48:A7:41:3F:C8,3,-82,03:28.6
03:28.6,AgileVision Beacon,C1:E2:F7:D0:6B:8C,6,-80,03:28.6
03:28.6,AgileVision Beacon,E6:19:C3:98:50:7C,4,-86,03:28.6
03:28.7,AgileVision Beacon,F7:7C:03:9B:24:1D,5,-79,03:28.7
03:28.7,AgileVision Beacon,D9:77:0F:A8:70:38,2,-76,03:28.7
03:28.8,AgileVision Beacon,C8:7E:06:A7:D7:3E,1,-50,03:28.8
03:29.1,AgileVision Beacon,C8:7E:06:A7:D7:3E,1,-50,03:29.1
03:29.1,AgileVision Beacon,F7:7C:03:9B:24:1D,5,-79,03:29.1
03:29.1,AgileVision Beacon,E6:19:C3:98:50:7C,4,-87,03:29.1
03:29.1,AgileVision Beacon,C1:E2:F7:D0:6B:8C,6,-80,03:29.1
03:29.2,AgileVision Beacon,D9:77:0F:A8:70:38,2,-76,03:29.2
03:29.2,AgileVision Beacon,FB:48:A7:41:3F:C8,3,-83,03:29.2
03:29.5,AgileVision Beacon,FB:48:A7:41:3F:C8,3,-83,03:29.5
03:29.5,AgileVision Beacon,C8:7E:06:A7:D7:3E,1,-50,03:29.5
03:29.5,AgileVision Beacon,F7:7C:03:9B:24:1D,5,-80,03:29.5
03:29.5,AgileVision Beacon,E6:19:C3:98:50:7C,4,-86,03:29.5
03:29.5,AgileVision Beacon,C1:E2:F7:D0:6B:8C,6,-80,03:29.5
03:29.6,AgileVision Beacon,D9:77:0F:A8:70:38,2,-76,03:29.6
03:29.9,AgileVision Beacon,C1:E2:F7:D0:6B:8C,6,-80,03:29.9
03:29.9,AgileVision Beacon,C8:7E:06:A7:D7:3E,1,-50,03:29.9
03:29.9,AgileVision Beacon,FB:48:A7:41:3F:C8,3,-83,03:29.9
03:29.9,AgileVision Beacon,F7:7C:03:9B:24:1D,5,-79,03:29.9
03:30.0,AgileVision Beacon,E6:19:C3:98:50:7C,4,-86,03:30.0
03:30.0,AgileVision Beacon,D9:77:0F:A8:70:38,2,-76,03:30.0
03:30.3,AgileVision Beacon,D9:77:0F:A8:70:38,2,-76,03:30.3
03:30.4,AgileVision Beacon,C8:7E:06:A7:D7:3E,1,-50,03:30.4
03:30.4,AgileVision Beacon,F7:7C:03:9B:24:1D,5,-79,03:30.4
03:30.4,AgileVision Beacon,FB:48:A7:41:3F:C8,3,-83,03:30.4
03:30.4,AgileVision Beacon,E6:19:C3:98:50:7C,4,-86,03:30.4
03:30.4,AgileVision Beacon,C1:E2:F7:D0:6B:8C,6,-81,03:30.4
03:30.7,AgileVision Beacon,D9:77:0F:A8:70:38,2,-76,03:30.7
03:30.8,AgileVision Beacon,C8:7E:06:A7:D7:3E,1,-50,03:30.8
03:30.8,AgileVision Beacon,F7:7C:03:9B:24:1D,5,-79,03:30.8
03:30.8,AgileVision Beacon,FB:48:A7:41:3F:C8,3,-83,03:30.8
03:30.8,AgileVision Beacon,E6:19:C3:98:50:7C,4,-86,03:30.8
03:30.8,AgileVision Beacon,C1:E2:F7:D0:6B:8C,6,-80,03:30.8
03:31.0,AgileVision Beacon,E6:19:C3:98:50:7C,4,-86,03:31.0
03:31.0,AgileVision Beacon,C1:E2:F7:D0:6B:8C,6,-80,03:31.0
03:31.2,AgileVision Beacon,D9:77:0F:A8:70:38,2,-75,03:31.2
03:31.2,AgileVision Beacon,C8:7E:06:A7:D7:3E,1,-51,03:31.2
03:31.2,AgileVision Beacon,F7:7C:03:9B:24:1D,5,-78,03:31.2
03:31.2,AgileVision Beacon,FB:48:A7:41:3F:C8,3,-83,03:31.2
03:31.5,AgileVision Beacon,FB:48:A7:41:3F:C8,3,-83,03:31.5
03:31.5,AgileVision Beacon,C1:E2:F7:D0:6B:8C,6,-80,03:31.5
03:31.5,AgileVision Beacon,E6:19:C3:98:50:7C,4,-86,03:31.5
03:31.6,AgileVision Beacon,D9:77:0F:A8:70:38,2,-75,03:31.6
03:31.6,AgileVision Beacon,C8:7E:06:A7:D7:3E,1,-51,03:31.6
03:31.6,AgileVision Beacon,F7:7C:03:9B:24:1D,5,-79,03:31.6
03:31.8,AgileVision Beacon,F7:7C:03:9B:24:1D,5,-76,03:31.8
03:31.9,AgileVision Beacon,FB:48:A7:41:3F:C8,3,-80,03:31.9
03:32.0,AgileVision Beacon,C1:E2:F7:D0:6B:8C,6,-78,03:32.0
03:32.0,AgileVision Beacon,E6:19:C3:98:50:7C,4,-81,03:32.0
03:32.0,AgileVision Beacon,D9:77:0F:A8:70:38,2,-84,03:32.0
03:32.0,AgileVision Beacon,C8:7E:06:A7:D7:3E,1,-54,03:32.0
03:32.2,AgileVision Beacon,F7:7C:03:9B:24:1D,5,-77,03:32.2
03:32.3,AgileVision Beacon,C1:E2:F7:D0:6B:8C,6,-78,03:32.3
03:32.4,AgileVision Beacon,FB:48:A7:41:3F:C8,3,-80,03:32.4
03:32.4,AgileVision Beacon,E6:19:C3:98:50:7C,4,-81,03:32.4
03:32.4,AgileVision Beacon,D9:77:0F:A8:70:38,2,-84,03:32.4
03:32.4,AgileVision Beacon,C8:7E:06:A7:D7:3E,1,-54,03:32.4
03:32.8,AgileVision Beacon,C8:7E:06:A7:D7:3E,1,-53,03:32.8
03:32.8,AgileVision Beacon,F7:7C:03:9B:24:1D,5,-77,03:32.8
03:32.8,AgileVision Beacon,FB:48:A7:41:3F:C8,3,-80,03:32.8
03:32.8,AgileVision Beacon,C1:E2:F7:D0:6B:8C,6,-78,03:32.8
03:32.8,AgileVision Beacon,E6:19:C3:98:50:7C,4,-80,03:32.8
03:32.9,AgileVision Beacon,D9:77:0F:A8:70:38,2,-84,03:32.9
03:33.2,AgileVision Beacon,D9:77:0F:A8:70:38,2,-84,03:33.2
03:33.2,AgileVision Beacon,C8:7E:06:A7:D7:3E,1,-53,03:33.2
03:33.2,AgileVision Beacon,FB:48:A7:41:3F:C8,3,-80,03:33.2
03:33.2,AgileVision Beacon,F7:7C:03:9B:24:1D,5,-77,03:33.2
03:33.2,AgileVision Beacon,C1:E2:F7:D0:6B:8C,6,-78,03:33.2
03:33.2,AgileVision Beacon,E6:19:C3:98:50:7C,4,-81,03:33.2
03:33.6,AgileVision Beacon,D9:77:0F:A8:70:38,2,-85,03:33.6
03:33.6,AgileVision Beacon,FB:48:A7:41:3F:C8,3,-80,03:33.6
03:33.6,AgileVision Beacon,C8:7E:06:A7:D7:3E,1,-53,03:33.6
03:33.6,AgileVision Beacon,F7:7C:03:9B:24:1D,5,-77,03:33.6
03:33.6,AgileVision Beacon,C1:E2:F7:D0:6B:8C,6,-78,03:33.6
03:33.6,AgileVision Beacon,E6:19:C3:98:50:7C,4,-80,03:33.6
03:34.0,AgileVision Beacon,D9:77:0F:A8:70:38,2,-84,03:34.0
03:34.0,AgileVision Beacon,C8:7E:06:A7:D7:3E,1,-53,03:34.0
03:34.0,AgileVision Beacon,FB:48:A7:41:3F:C8,3,-80,03:34.0
03:34.0,AgileVision Beacon,F7:7C:03:9B:24:1D,5,-77,03:34.0
03:34.0,AgileVision Beacon,C1:E2:F7:D0:6B:8C,6,-78,03:34.0
03:34.1,AgileVision Beacon,E6:19:C3:98:50:7C,4,-80,03:34.1
03:34.2,AgileVision Beacon,FB:48:A7:41:3F:C8,3,-81,03:34.2
03:34.4,AgileVision Beacon,E6:19:C3:98:50:7C,4,-80,03:34.4
03:34.4,AgileVision Beacon,D9:77:0F:A8:70:38,2,-80,03:34.4
03:34.4,AgileVision Beacon,C8:7E:06:A7:D7:3E,1,-44,03:34.4
03:34.5,AgileVision Beacon,F7:7C:03:9B:24:1D,5,-84,03:34.5
03:34.5,AgileVision Beacon,C1:E2:F7:D0:6B:8C,6,-88,03:34.5
03:34.6,AgileVision Beacon,F7:7C:03:9B:24:1D,5,-91,03:34.6
03:34.8,AgileVision Beacon,E6:19:C3:98:50:7C,4,-94,03:34.8
03:34.8,AgileVision Beacon,D9:77:0F:A8:70:38,2,-85,03:34.8
03:34.9,AgileVision Beacon,FB:48:A7:41:3F:C8,3,-93,03:34.9
03:34.9,AgileVision Beacon,C8:7E:06:A7:D7:3E,1,-47,03:34.9
03:34.9,AgileVision Beacon,F7:7C:03:9B:24:1D,5,-95,03:34.9
03:35.2,AgileVision Beacon,FB:48:A7:41:3F:C8,3,-93,03:35.2
03:35.2,AgileVision Beacon,C8:7E:06:A7:D7:3E,1,-47,03:35.2
03:35.2,AgileVision Beacon,E6:19:C3:98:50:7C,4,-93,03:35.2
03:35.3,AgileVision Beacon,D9:77:0F:A8:70:38,2,-88,03:35.3
03:35.6,AgileVision Beacon,D9:77:0F:A8:70:38,2,-81,03:35.6
03:35.6,AgileVision Beacon,FB:48:A7:41:3F:C8,3,-82,03:35.6
03:35.6,AgileVision Beacon,C8:7E:06:A7:D7:3E,1,-48,03:35.6
03:35.6,AgileVision Beacon,F7:7C:03:9B:24:1D,5,-78,03:35.6
03:35.6,AgileVision Beacon,E6:19:C3:98:50:7C,4,-82,03:35.6
03:35.6,AgileVision Beacon,C1:E2:F7:D0:6B:8C,6,-78,03:35.6
03:36.0,AgileVision Beacon,D9:77:0F:A8:70:38,2,-85,03:36.0
03:36.0,AgileVision Beacon,FB:48:A7:41:3F:C8,3,-83,03:36.0
03:36.0,AgileVision Beacon,C8:7E:06:A7:D7:3E,1,-46,03:36.0
03:36.0,AgileVision Beacon,F7:7C:03:9B:24:1D,5,-76,03:36.0
03:36.1,AgileVision Beacon,E6:19:C3:98:50:7C,4,-81,03:36.1
03:36.1,AgileVision Beacon,C1:E2:F7:D0:6B:8C,6,-78,03:36.1
03:36.3,AgileVision Beacon,E6:19:C3:98:50:7C,4,-82,03:36.3
03:36.4,AgileVision Beacon,D9:77:0F:A8:70:38,2,-81,03:36.4
03:36.4,AgileVision Beacon,FB:48:A7:41:3F:C8,3,-83,03:36.4
03:36.5,AgileVision Beacon,C8:7E:06:A7:D7:3E,1,-47,03:36.5
03:36.5,AgileVision Beacon,F7:7C:03:9B:24:1D,5,-77,03:36.5
03:36.5,AgileVision Beacon,C1:E2:F7:D0:6B:8C,6,-79,03:36.5
03:36.8,AgileVision Beacon,C1:E2:F7:D0:6B:8C,6,-80,03:36.8
03:36.8,AgileVision Beacon,E6:19:C3:98:50:7C,4,-82,03:36.8
03:36.8,AgileVision Beacon,D9:77:0F:A8:70:38,2,-82,03:36.8
03:36.9,AgileVision Beacon,FB:48:A7:41:3F:C8,3,-84,03:36.9
03:36.9,AgileVision Beacon,C8:7E:06:A7:D7:3E,1,-44,03:36.9
03:36.9,AgileVision Beacon,F7:7C:03:9B:24:1D,5,-82,03:36.9
03:37.1,AgileVision Beacon,C1:E2:F7:D0:6B:8C,6,-84,03:37.1
03:37.2,AgileVision Beacon,C8:7E:06:A7:D7:3E,1,-44,03:37.2
03:37.2,AgileVision Beacon,F7:7C:03:9B:24:1D,5,-82,03:37.2
03:37.2,AgileVision Beacon,E6:19:C3:98:50:7C,4,-79,03:37.2
03:37.3,AgileVision Beacon,D9:77:0F:A8:70:38,2,-83,03:37.3
03:37.3,AgileVision Beacon,FB:48:A7:41:3F:C8,3,-83,03:37.3
03:37.3,AgileVision Beacon,E6:19:C3:98:50:7C,4,-79,03:37.3
03:37.5,AgileVision Beacon,F7:7C:03:9B:24:1D,5,-82,03:37.5
03:37.6,AgileVision Beacon,C8:7E:06:A7:D7:3E,1,-44,03:37.6
03:37.6,AgileVision Beacon,C1:E2:F7:D0:6B:8C,6,-82,03:37.6
03:37.7,AgileVision Beacon,D9:77:0F:A8:70:38,2,-83,03:37.7
03:37.7,AgileVision Beacon,FB:48:A7:41:3F:C8,3,-84,03:37.7
03:37.9,AgileVision Beacon,C1:E2:F7:D0:6B:8C,6,-83,03:37.9
03:38.0,AgileVision Beacon,FB:48:A7:41:3F:C8,3,-83,03:38.0
03:38.0,AgileVision Beacon,C8:7E:06:A7:D7:3E,1,-44,03:38.0
03:38.0,AgileVision Beacon,E6:19:C3:98:50:7C,4,-79,03:38.0
03:38.1,AgileVision Beacon,F7:7C:03:9B:24:1D,5,-82,03:38.1
03:38.1,AgileVision Beacon,D9:77:0F:A8:70:38,2,-83,03:38.1
03:38.4,AgileVision Beacon,D9:77:0F:A8:70:38,2,-84,03:38.4
03:38.4,AgileVision Beacon,FB:48:A7:41:3F:C8,3,-83,03:38.4
03:38.4,AgileVision Beacon,C8:7E:06:A7:D7:3E,1,-44,03:38.4
03:38.5,AgileVision Beacon,F7:7C:03:9B:24:1D,5,-82,03:38.5
03:38.5,AgileVision Beacon,E6:19:C3:98:50:7C,4,-79,03:38.5
03:38.5,AgileVision Beacon,C1:E2:F7:D0:6B:8C,6,-82,03:38.5
03:38.8,AgileVision Beacon,D9:77:0F:A8:70:38,2,-81,03:38.8
03:38.9,AgileVision Beacon,C8:7E:06:A7:D7:3E,1,-49,03:38.9
03:38.9,AgileVision Beacon,FB:48:A7:41:3F:C8,3,-83,03:38.9
03:38.9,AgileVision Beacon,F7:7C:03:9B:24:1D,5,-81,03:38.9
03:38.9,AgileVision Beacon,C1:E2:F7:D0:6B:8C,6,-84,03:38.9
03:38.9,AgileVision Beacon,E6:19:C3:98:50:7C,4,-78,03:38.9
03:39.2,AgileVision Beacon,E6:19:C3:98:50:7C,4,-79,03:39.2
03:39.3,AgileVision Beacon,D9:77:0F:A8:70:38,2,-82,03:39.3
03:39.3,AgileVision Beacon,C8:7E:06:A7:D7:3E,1,-47,03:39.3
03:39.3,AgileVision Beacon,FB:48:A7:41:3F:C8,3,-83,03:39.3
03:39.3,AgileVision Beacon,F7:7C:03:9B:24:1D,5,-80,03:39.3
03:39.3,AgileVision Beacon,C1:E2:F7:D0:6B:8C,6,-83,03:39.3
03:39.6,AgileVision Beacon,C1:E2:F7:D0:6B:8C,6,-82,03:39.6
03:39.7,AgileVision Beacon,D9:77:0F:A8:70:38,2,-82,03:39.7
03:39.7,AgileVision Beacon,C8:7E:06:A7:D7:3E,1,-46,03:39.7
03:39.7,AgileVision Beacon,FB:48:A7:41:3F:C8,3,-83,03:39.7
03:39.7,AgileVision Beacon,F7:7C:03:9B:24:1D,5,-80,03:39.7
03:39.7,AgileVision Beacon,E6:19:C3:98:50:7C,4,-79,03:39.7
03:40.0,AgileVision Beacon,F7:7C:03:9B:24:1D,5,-80,03:40.0
03:40.1,AgileVision Beacon,E6:19:C3:98:50:7C,4,-79,03:40.1
03:40.1,AgileVision Beacon,C1:E2:F7:D0:6B:8C,6,-82,03:40.1
03:40.1,AgileVision Beacon,D9:77:0F:A8:70:38,2,-82,03:40.1
03:40.1,AgileVision Beacon,C8:7E:06:A7:D7:3E,1,-47,03:40.1
03:40.1,AgileVision Beacon,FB:48:A7:41:3F:C8,3,-83,03:40.1
03:40.4,AgileVision Beacon,E6:19:C3:98:50:7C,4,-79,03:40.4
03:40.4,AgileVision Beacon,C8:7E:06:A7:D7:3E,1,-48,03:40.4
03:40.4,AgileVision Beacon,FB:48:A7:41:3F:C8,3,-83,03:40.4
03:40.5,AgileVision Beacon,F7:7C:03:9B:24:1D,5,-80,03:40.5
03:40.5,AgileVision Beacon,C1:E2:F7:D0:6B:8C,6,-83,03:40.5
03:40.5,AgileVision Beacon,D9:77:0F:A8:70:38,2,-81,03:40.5
03:40.6,AgileVision Beacon,F7:7C:03:9B:24:1D,5,-80,03:40.6
03:40.9,AgileVision Beacon,C8:7E:06:A7:D7:3E,1,-48,03:40.9
03:40.9,AgileVision Beacon,FB:48:A7:41:3F:C8,3,-83,03:40.9
03:40.9,AgileVision Beacon,E6:19:C3:98:50:7C,4,-78,03:40.9
03:40.9,AgileVision Beacon,C1:E2:F7:D0:6B:8C,6,-82,03:40.9
03:40.9,AgileVision Beacon,D9:77:0F:A8:70:38,2,-81,03:40.9
03:41.2,AgileVision Beacon,E6:19:C3:98:50:7C,4,-78,03:41.2
03:41.3,AgileVision Beacon,C8:7E:06:A7:D7:3E,1,-48,03:41.3
03:41.3,AgileVision Beacon,D9:77:0F:A8:70:38,2,-81,03:41.3
03:41.3,AgileVision Beacon,FB:48:A7:41:3F:C8,3,-83,03:41.3
03:41.3,AgileVision Beacon,C1:E2:F7:D0:6B:8C,6,-83,03:41.3
03:41.3,AgileVision Beacon,F7:7C:03:9B:24:1D,5,-81,03:41.3
03:41.6,AgileVision Beacon,FB:48:A7:41:3F:C8,3,-82,03:41.6
03:41.7,AgileVision Beacon,D9:77:0F:A8:70:38,2,-81,03:41.7
03:41.7,AgileVision Beacon,C8:7E:06:A7:D7:3E,1,-45,03:41.7
03:41.7,AgileVision Beacon,C1:E2:F7:D0:6B:8C,6,-81,03:41.7
03:41.7,AgileVision Beacon,E6:19:C3:98:50:7C,4,-77,03:41.7
03:41.7,AgileVision Beacon,F7:7C:03:9B:24:1D,5,-80,03:41.7
03:42.0,AgileVision Beacon,FB:48:A7:41:3F:C8,3,-84,03:42.0
03:42.0,AgileVision Beacon,E6:19:C3:98:50:7C,4,-86,03:42.0
03:42.1,AgileVision Beacon,D9:77:0F:A8:70:38,2,-81,03:42.1
03:42.1,AgileVision Beacon,C8:7E:06:A7:D7:3E,1,-46,03:42.1
03:42.1,AgileVision Beacon,C1:E2:F7:D0:6B:8C,6,-81,03:42.1
03:42.1,AgileVision Beacon,F7:7C:03:9B:24:1D,5,-93,03:42.1
03:42.5,AgileVision Beacon,F7:7C:03:9B:24:1D,5,-89,03:42.5
03:42.5,AgileVision Beacon,D9:77:0F:A8:70:38,2,-81,03:42.5
03:42.5,AgileVision Beacon,C8:7E:06:A7:D7:3E,1,-45,03:42.5
03:42.5,AgileVision Beacon,C1:E2:F7:D0:6B:8C,6,-82,03:42.5
03:42.6,AgileVision Beacon,E6:19:C3:98:50:7C,4,-86,03:42.6
03:42.6,AgileVision Beacon,FB:48:A7:41:3F:C8,3,-84,03:42.6
03:42.9,AgileVision Beacon,FB:48:A7:41:3F:C8,3,-84,03:42.9
03:42.9,AgileVision Beacon,E6:19:C3:98:50:7C,4,-86,03:42.9
03:42.9,AgileVision Beacon,F7:7C:03:9B:24:1D,5,-89,03:42.9
03:42.9,AgileVision Beacon,D9:77:0F:A8:70:38,2,-80,03:42.9
03:43.0,AgileVision Beacon,C8:7E:06:A7:D7:3E,1,-45,03:43.0
03:43.0,AgileVision Beacon,C1:E2:F7:D0:6B:8C,6,-82,03:43.0
03:43.3,AgileVision Beacon,C1:E2:F7:D0:6B:8C,6,-82,03:43.3
03:43.3,AgileVision Beacon,FB:48:A7:41:3F:C8,3,-84,03:43.3
03:43.3,AgileVision Beacon,F7:7C:03:9B:24:1D,5,-89,03:43.3
03:43.3,AgileVision Beacon,E6:19:C3:98:50:7C,4,-86,03:43.3
03:43.4,AgileVision Beacon,D9:77:0F:A8:70:38,2,-80,03:43.4
03:43.4,AgileVision Beacon,C8:7E:06:A7:D7:3E,1,-45,03:43.4
03:43.6,AgileVision Beacon,C1:E2:F7:D0:6B:8C,6,-82,03:43.6
03:43.6,AgileVision Beacon,FB:48:A7:41:3F:C8,3,-84,03:43.6
03:43.6,AgileVision Beacon,F7:7C:03:9B:24:1D,5,-89,03:43.6
03:43.7,AgileVision Beacon,C8:7E:06:A7:D7:3E,1,-45,03:43.7
03:43.7,AgileVision Beacon,E6:19:C3:98:50:7C,4,-87,03:43.7
03:43.8,AgileVision Beacon,D9:77:0F:A8:70:38,2,-81,03:43.8
03:44.1,AgileVision Beacon,C8:7E:06:A7:D7:3E,1,-45,03:44.1
03:44.1,AgileVision Beacon,C1:E2:F7:D0:6B:8C,6,-82,03:44.1
03:44.1,AgileVision Beacon,FB:48:A7:41:3F:C8,3,-84,03:44.1
03:44.1,AgileVision Beacon,F7:7C:03:9B:24:1D,5,-90,03:44.1
03:44.2,AgileVision Beacon,E6:19:C3:98:50:7C,4,-86,03:44.2
03:44.2,AgileVision Beacon,D9:77:0F:A8:70:38,2,-81,03:44.2
03:44.5,AgileVision Beacon,D9:77:0F:A8:70:38,2,-81,03:44.5
03:44.5,AgileVision Beacon,C8:7E:06:A7:D7:3E,1,-46,03:44.5
03:44.5,AgileVision Beacon,F7:7C:03:9B:24:1D,5,-92,03:44.5
03:44.6,AgileVision Beacon,C1:E2:F7:D0:6B:8C,6,-82,03:44.6
03:44.6,AgileVision Beacon,FB:48:A7:41:3F:C8,3,-85,03:44.6
03:44.6,AgileVision Beacon,E6:19:C3:98:50:7C,4,-87,03:44.6
03:44.9,AgileVision Beacon,E6:19:C3:98:50:7C,4,-87,03:44.9
03:44.9,AgileVision Beacon,D9:77:0F:A8:70:38,2,-82,03:44.9
03:44.9,AgileVision Beacon,C8:7E:06:A7:D7:3E,1,-47,03:44.9
03:45.0,AgileVision Beacon,F7:7C:03:9B:24:1D,5,-92,03:45.0
03:45.0,AgileVision Beacon,C1:E2:F7:D0:6B:8C,6,-81,03:45.0
03:45.0,AgileVision Beacon,FB:48:A7:41:3F:C8,3,-85,03:45.0
03:45.3,AgileVision Beacon,C1:E2:F7:D0:6B:8C,6,-82,03:45.3
03:45.3,AgileVision Beacon,E6:19:C3:98:50:7C,4,-86,03:45.3
03:45.3,AgileVision Beacon,D9:77:0F:A8:70:38,2,-81,03:45.3
03:45.4,AgileVision Beacon,C8:7E:06:A7:D7:3E,1,-46,03:45.4
03:45.4,AgileVision Beacon,F7:7C:03:9B:24:1D,5,-91,03:45.4
03:45.4,AgileVision Beacon,FB:48:A7:41:3F:C8,3,-84,03:45.4
03:45.7,AgileVision Beacon,FB:48:A7:41:3F:C8,3,-85,03:45.7
03:45.7,AgileVision Beacon,C1:E2:F7:D0:6B:8C,6,-83,03:45.7
03:45.7,AgileVision Beacon,E6:19:C3:98:50:7C,4,-86,03:45.7
03:45.7,AgileVision Beacon,D9:77:0F:A8:70:38,2,-80,03:45.7
03:45.8,AgileVision Beacon,C8:7E:06:A7:D7:3E,1,-45,03:45.8
03:46.1,AgileVision Beacon,F7:7C:03:9B:24:1D,5,-87,03:46.1
03:46.1,AgileVision Beacon,FB:48:A7:41:3F:C8,3,-83,03:46.1
03:46.1,AgileVision Beacon,C1:E2:F7:D0:6B:8C,6,-83,03:46.1
03:46.1,AgileVision Beacon,E6:19:C3:98:50:7C,4,-85,03:46.1
03:46.2,AgileVision Beacon,D9:77:0F:A8:70:38,2,-77,03:46.2
03:46.2,AgileVision Beacon,C8:7E:06:A7:D7:3E,1,-44,03:46.2
03:46.5,AgileVision Beacon,E6:19:C3:98:50:7C,4,-84,03:46.5
03:46.5,AgileVision Beacon,C1:E2:F7:D0:6B:8C,6,-83,03:46.5
03:46.5,AgileVision Beacon,C8:7E:06:A7:D7:3E,1,-44,03:46.5
03:46.5,AgileVision Beacon,FB:48:A7:41:3F:C8,3,-83,03:46.5
03:46.6,AgileVision Beacon,F7:7C:03:9B:24:1D,5,-86,03:46.6
03:46.6,AgileVision Beacon,D9:77:0F:A8:70:38,2,-77,03:46.6
03:46.7,AgileVision Beacon,F7:7C:03:9B:24:1D,5,-87,03:46.7
03:46.9,AgileVision Beacon,E6:19:C3:98:50:7C,4,-79,03:46.9
03:46.9,AgileVision Beacon,C8:7E:06:A7:D7:3E,1,-45,03:46.9
03:47.0,AgileVision Beacon,FB:48:A7:41:3F:C8,3,-80,03:47.0
03:47.0,AgileVision Beacon,C1:E2:F7:D0:6B:8C,6,-77,03:47.0
03:47.0,AgileVision Beacon,D9:77:0F:A8:70:38,2,-74,03:47.0
03:47.3,AgileVision Beacon,E6:19:C3:98:50:7C,4,-80,03:47.3
03:47.3,AgileVision Beacon,D9:77:0F:A8:70:38,2,-74,03:47.3
03:47.3,AgileVision Beacon,C8:7E:06:A7:D7:3E,1,-45,03:47.3
03:47.4,AgileVision Beacon,FB:48:A7:41:3F:C8,3,-80,03:47.4
03:47.4,AgileVision Beacon,F7:7C:03:9B:24:1D,5,-75,03:47.4
03:47.4,AgileVision Beacon,C1:E2:F7:D0:6B:8C,6,-77,03:47.4
03:47.7,AgileVision Beacon,F7:7C:03:9B:24:1D,5,-75,03:47.7
03:47.7,AgileVision Beacon,D9:77:0F:A8:70:38,2,-73,03:47.7
03:47.8,AgileVision Beacon,C8:7E:06:A7:D7:3E,1,-45,03:47.8
03:47.8,AgileVision Beacon,FB:48:A7:41:3F:C8,3,-81,03:47.8
03:47.8,AgileVision Beacon,C1:E2:F7:D0:6B:8C,6,-77,03:47.8
03:47.8,AgileVision Beacon,E6:19:C3:98:50:7C,4,-79,03:47.8
03:48.2,AgileVision Beacon,D9:77:0F:A8:70:38,2,-74,03:48.2
03:48.2,AgileVision Beacon,C8:7E:06:A7:D7:3E,1,-46,03:48.2
03:48.2,AgileVision Beacon,FB:48:A7:41:3F:C8,3,-79,03:48.2
03:48.2,AgileVision Beacon,C1:E2:F7:D0:6B:8C,6,-77,03:48.2
03:48.2,AgileVision Beacon,F7:7C:03:9B:24:1D,5,-75,03:48.2
03:48.2,AgileVision Beacon,E6:19:C3:98:50:7C,4,-79,03:48.2
03:48.5,AgileVision Beacon,E6:19:C3:98:50:7C,4,-79,03:48.5
03:48.5,AgileVision Beacon,F7:7C:03:9B:24:1D,5,-75,03:48.5
03:48.6,AgileVision Beacon,D9:77:0F:A8:70:38,2,-74,03:48.6
03:48.6,AgileVision Beacon,C8:7E:06:A7:D7:3E,1,-46,03:48.6
03:48.6,AgileVision Beacon,FB:48:A7:41:3F:C8,3,-80,03:48.6
03:48.6,AgileVision Beacon,C1:E2:F7:D0:6B:8C,6,-78,03:48.6
03:48.9,AgileVision Beacon,C1:E2:F7:D0:6B:8C,6,-77,03:48.9
03:49.0,AgileVision Beacon,E6:19:C3:98:50:7C,4,-79,03:49.0
03:49.0,AgileVision Beacon,F7:7C:03:9B:24:1D,5,-74,03:49.0
03:49.0,AgileVision Beacon,D9:77:0F:A8:70:38,2,-74,03:49.0
03:49.0,AgileVision Beacon,C8:7E:06:A7:D7:3E,1,-45,03:49.0
03:49.0,AgileVision Beacon,FB:48:A7:41:3F:C8,3,-80,03:49.0
03:49.3,AgileVision Beacon,FB:48:A7:41:3F:C8,3,-79,03:49.3
03:49.4,AgileVision Beacon,C1:E2:F7:D0:6B:8C,6,-77,03:49.4
03:49.4,AgileVision Beacon,E6:19:C3:98:50:7C,4,-79,03:49.4
03:49.4,AgileVision Beacon,F7:7C:03:9B:24:1D,5,-75,03:49.4
03:49.4,AgileVision Beacon,D9:77:0F:A8:70:38,2,-74,03:49.4
03:49.4,AgileVision Beacon,C8:7E:06:A7:D7:3E,1,-45,03:49.4
03:49.7,AgileVision Beacon,F7:7C:03:9B:24:1D,5,-75,03:49.7
03:49.7,AgileVision Beacon,E6:19:C3:98:50:7C,4,-79,03:49.7
03:49.7,AgileVision Beacon,C8:7E:06:A7:D7:3E,1,-46,03:49.7
03:49.8,AgileVision Beacon,FB:48:A7:41:3F:C8,3,-81,03:49.8
03:49.8,AgileVision Beacon,C1:E2:F7:D0:6B:8C,6,-77,03:49.8
03:49.8,AgileVision Beacon,D9:77:0F:A8:70:38,2,-74,03:49.8
03:50.1,AgileVision Beacon,D9:77:0F:A8:70:38,2,-74,03:50.1
03:50.2,AgileVision Beacon,C8:7E:06:A7:D7:3E,1,-46,03:50.2
03:50.2,AgileVision Beacon,FB:48:A7:41:3F:C8,3,-80,03:50.2
03:50.2,AgileVision Beacon,C1:E2:F7:D0:6B:8C,6,-77,03:50.2
03:50.2,AgileVision Beacon,F7:7C:03:9B:24:1D,5,-75,03:50.2
03:50.2,AgileVision Beacon,E6:19:C3:98:50:7C,4,-79,03:50.2
03:50.6,AgileVision Beacon,D9:77:0F:A8:70:38,2,-74,03:50.6
03:50.6,AgileVision Beacon,C8:7E:06:A7:D7:3E,1,-45,03:50.6
03:50.6,AgileVision Beacon,FB:48:A7:41:3F:C8,3,-80,03:50.6
03:50.6,AgileVision Beacon,C1:E2:F7:D0:6B:8C,6,-78,03:50.6
03:50.6,AgileVision Beacon,F7:7C:03:9B:24:1D,5,-75,03:50.6
03:50.6,AgileVision Beacon,E6:19:C3:98:50:7C,4,-80,03:50.6
03:51.0,AgileVision Beacon,E6:19:C3:98:50:7C,4,-80,03:51.0
03:51.0,AgileVision Beacon,D9:77:0F:A8:70:38,2,-74,03:51.0
03:51.0,AgileVision Beacon,C8:7E:06:A7:D7:3E,1,-46,03:51.0
03:51.0,AgileVision Beacon,FB:48:A7:41:3F:C8,3,-80,03:51.0
03:51.0,AgileVision Beacon,C1:E2:F7:D0:6B:8C,6,-78,03:51.0
03:51.0,AgileVision Beacon,F7:7C:03:9B:24:1D,5,-76,03:51.0
03:51.2,AgileVision Beacon,D9:77:0F:A8:70:38,2,-74,03:51.2
03:51.3,AgileVision Beacon,E6:19:C3:98:50:7C,4,-79,03:51.3
03:51.3,AgileVision Beacon,FB:48:A7:41:3F:C8,3,-80,03:51.3
03:51.4,AgileVision Beacon,C8:7E:06:A7:D7:3E,1,-45,03:51.4
03:51.5,AgileVision Beacon,C1:E2:F7:D0:6B:8C,6,-78,03:51.5
03:51.5,AgileVision Beacon,F7:7C:03:9B:24:1D,5,-75,03:51.5
03:51.6,AgileVision Beacon,D9:77:0F:A8:70:38,2,-74,03:51.6
03:51.8,AgileVision Beacon,C1:E2:F7:D0:6B:8C,6,-78,03:51.8
03:51.8,AgileVision Beacon,F7:7C:03:9B:24:1D,5,-75,03:51.8
03:51.8,AgileVision Beacon,E6:19:C3:98:50:7C,4,-79,03:51.8
03:51.8,AgileVision Beacon,C8:7E:06:A7:D7:3E,1,-43,03:51.8
03:51.9,AgileVision Beacon,FB:48:A7:41:3F:C8,3,-81,03:51.9
03:52.2,AgileVision Beacon,FB:48:A7:41:3F:C8,3,-81,03:52.2
03:52.2,AgileVision Beacon,F7:7C:03:9B:24:1D,5,-81,03:52.2
03:52.2,AgileVision Beacon,C1:E2:F7:D0:6B:8C,6,-79,03:52.2
03:52.2,AgileVision Beacon,E6:19:C3:98:50:7C,4,-77,03:52.2
03:52.3,AgileVision Beacon,C8:7E:06:A7:D7:3E,1,-44,03:52.3
03:52.3,AgileVision Beacon,D9:77:0F:A8:70:38,2,-91,03:52.3
03:52.6,AgileVision Beacon,FB:48:A7:41:3F:C8,3,-81,03:52.6
03:52.6,AgileVision Beacon,F7:7C:03:9B:24:1D,5,-81,03:52.6
03:52.6,AgileVision Beacon,C1:E2:F7:D0:6B:8C,6,-79,03:52.6
03:52.6,AgileVision Beacon,E6:19:C3:98:50:7C,4,-77,03:52.6
03:52.7,AgileVision Beacon,C8:7E:06:A7:D7:3E,1,-43,03:52.7
03:52.7,AgileVision Beacon,D9:77:0F:A8:70:38,2,-88,03:52.7
03:52.9,AgileVision Beacon,FB:48:A7:41:3F:C8,3,-81,03:52.9
03:52.9,AgileVision Beacon,F7:7C:03:9B:24:1D,5,-81,03:52.9
03:52.9,AgileVision Beacon,C1:E2:F7:D0:6B:8C,6,-79,03:52.9
03:53.0,AgileVision Beacon,D9:77:0F:A8:70:38,2,-88,03:53.0
03:53.1,AgileVision Beacon,E6:19:C3:98:50:7C,4,-77,03:53.1
03:53.1,AgileVision Beacon,C8:7E:06:A7:D7:3E,1,-43,03:53.1
03:53.3,AgileVision Beacon,FB:48:A7:41:3F:C8,3,-81,03:53.3
03:53.3,AgileVision Beacon,F7:7C:03:9B:24:1D,5,-81,03:53.3
03:53.4,AgileVision Beacon,C8:7E:06:A7:D7:3E,1,-43,03:53.4
03:53.4,AgileVision Beacon,D9:77:0F:A8:70:38,2,-86,03:53.4
03:53.4,AgileVision Beacon,C1:E2:F7:D0:6B:8C,6,-78,03:53.4
03:53.5,AgileVision Beacon,E6:19:C3:98:50:7C,4,-77,03:53.5
03:53.8,AgileVision Beacon,E6:19:C3:98:50:7C,4,-78,03:53.8
03:53.8,AgileVision Beacon,C8:7E:06:A7:D7:3E,1,-43,03:53.8
03:53.9,AgileVision Beacon,D9:77:0F:A8:70:38,2,-86,03:53.9
03:53.9,AgileVision Beacon,FB:48:A7:41:3F:C8,3,-81,03:53.9
03:53.9,AgileVision Beacon,F7:7C:03:9B:24:1D,5,-80,03:53.9
03:53.9,AgileVision Beacon,C1:E2:F7:D0:6B:8C,6,-78,03:53.9
03:54.2,AgileVision Beacon,E6:19:C3:98:50:7C,4,-77,03:54.2
03:54.2,AgileVision Beacon,C8:7E:06:A7:D7:3E,1,-44,03:54.2
03:54.3,AgileVision Beacon,D9:77:0F:A8:70:38,2,-87,03:54.3
03:54.3,AgileVision Beacon,FB:48:A7:41:3F:C8,3,-81,03:54.3
03:54.3,AgileVision Beacon,C1:E2:F7:D0:6B:8C,6,-79,03:54.3
03:54.3,AgileVision Beacon,F7:7C:03:9B:24:1D,5,-81,03:54.3
03:54.6,AgileVision Beacon,FB:48:A7:41:3F:C8,3,-81,03:54.6
03:54.6,AgileVision Beacon,E6:19:C3:98:50:7C,4,-77,03:54.6
03:54.7,AgileVision Beacon,C8:7E:06:A7:D7:3E,1,-44,03:54.7
03:54.7,AgileVision Beacon,D9:77:0F:A8:70:38,2,-87,03:54.7
03:54.7,AgileVision Beacon,F7:7C:03:9B:24:1D,5,-81,03:54.7
03:54.9,AgileVision Beacon,E6:19:C3:98:50:7C,4,-77,03:54.9
03:55.0,AgileVision Beacon,C8:7E:06:A7:D7:3E,1,-44,03:55.0
03:55.0,AgileVision Beacon,F7:7C:03:9B:24:1D,5,-81,03:55.0
03:55.0,AgileVision Beacon,C1:E2:F7:D0:6B:8C,6,-79,03:55.0
03:55.1,AgileVision Beacon,D9:77:0F:A8:70:38,2,-88,03:55.1
03:55.1,AgileVision Beacon,FB:48:A7:41:3F:C8,3,-81,03:55.1
03:55.1,AgileVision Beacon,C1:E2:F7:D0:6B:8C,6,-79,03:55.1
03:55.4,AgileVision Beacon,F7:7C:03:9B:24:1D,5,-81,03:55.4
03:55.5,AgileVision Beacon,E6:19:C3:98:50:7C,4,-77,03:55.5
03:55.5,AgileVision Beacon,C8:7E:06:A7:D7:3E,1,-44,03:55.5
03:55.5,AgileVision Beacon,D9:77:0F:A8:70:38,2,-90,03:55.5
03:55.5,AgileVision Beacon,FB:48:A7:41:3F:C8,3,-81,03:55.5
03:55.8,AgileVision Beacon,D9:77:0F:A8:70:38,2,-90,03:55.8
03:55.8,AgileVision Beacon,FB:48:A7:41:3F:C8,3,-81,03:55.8
03:55.8,AgileVision Beacon,C1:E2:F7:D0:6B:8C,6,-79,03:55.8
03:55.9,AgileVision Beacon,F7:7C:03:9B:24:1D,5,-82,03:55.9
03:55.9,AgileVision Beacon,E6:19:C3:98:50:7C,4,-77,03:55.9
03:55.9,AgileVision Beacon,C8:7E:06:A7:D7:3E,1,-43,03:55.9
03:56.3,AgileVision Beacon,D9:77:0F:A8:70:38,2,-88,03:56.3
03:56.3,AgileVision Beacon,C1:E2:F7:D0:6B:8C,6,-79,03:56.3
03:56.3,AgileVision Beacon,FB:48:A7:41:3F:C8,3,-81,03:56.3
03:56.3,AgileVision Beacon,F7:7C:03:9B:24:1D,5,-81,03:56.3
03:56.3,AgileVision Beacon,E6:19:C3:98:50:7C,4,-77,03:56.3
03:56.3,AgileVision Beacon,C8:7E:06:A7:D7:3E,1,-43,03:56.3
03:56.6,AgileVision Beacon,C8:7E:06:A7:D7:3E,1,-43,03:56.6
03:56.7,AgileVision Beacon,D9:77:0F:A8:70:38,2,-87,03:56.7
03:56.7,AgileVision Beacon,C1:E2:F7:D0:6B:8C,6,-79,03:56.7
03:56.7,AgileVision Beacon,FB:48:A7:41:3F:C8,3,-81,03:56.7
03:56.7,AgileVision Beacon,F7:7C:03:9B:24:1D,5,-81,03:56.7
03:56.7,AgileVision Beacon,E6:19:C3:98:50:7C,4,-78,03:56.7
03:57.1,AgileVision Beacon,E6:19:C3:98:50:7C,4,-84,03:57.1
03:57.1,AgileVision Beacon,C8:7E:06:A7:D7:3E,1,-44,03:57.1
03:57.1,AgileVision Beacon,D9:77:0F:A8:70:38,2,-76,03:57.1
03:57.1,AgileVision Beacon,C1:E2:F7:D0:6B:8C,6,-82,03:57.1
03:57.1,AgileVision Beacon,FB:48:A7:41:3F:C8,3,-83,03:57.1
03:57.1,AgileVision Beacon,F7:7C:03:9B:24:1D,5,-86,03:57.1
03:57.2,AgileVision Beacon,FB:48:A7:41:3F:C8,3,-83,03:57.2
03:57.5,AgileVision Beacon,E6:19:C3:98:50:7C,4,-85,03:57.5
03:57.5,AgileVision Beacon,C8:7E:06:A7:D7:3E,1,-45,03:57.5
03:57.5,AgileVision Beacon,D9:77:0F:A8:70:38,2,-76,03:57.5
03:57.5,AgileVision Beacon,C1:E2:F7:D0:6B:8C,6,-82,03:57.5
03:57.6,AgileVision Beacon,F7:7C:03:9B:24:1D,5,-85,03:57.6
03:57.9,AgileVision Beacon,FB:48:A7:41:3F:C8,3,-83,03:57.9
03:57.9,AgileVision Beacon,E6:19:C3:98:50:7C,4,-84,03:57.9
03:57.9,AgileVision Beacon,C8:7E:06:A7:D7:3E,1,-45,03:57.9
03:57.9,AgileVision Beacon,D9:77:0F:A8:70:38,2,-76,03:57.9
03:58.0,AgileVision Beacon,C1:E2:F7:D0:6B:8C,6,-83,03:58.0
03:58.0,AgileVision Beacon,F7:7C:03:9B:24:1D,5,-86,03:58.0
03:58.3,AgileVision Beacon,C1:E2:F7:D0:6B:8C,6,-82,03:58.3
03:58.3,AgileVision Beacon,F7:7C:03:9B:24:1D,5,-85,03:58.3
03:58.3,AgileVision Beacon,FB:48:A7:41:3F:C8,3,-83,03:58.3
03:58.3,AgileVision Beacon,E6:19:C3:98:50:7C,4,-84,03:58.3
03:58.3,AgileVision Beacon,C8:7E:06:A7:D7:3E,1,-45,03:58.3
03:58.3,AgileVision Beacon,D9:77:0F:A8:70:38,2,-75,03:58.3
03:58.6,AgileVision Beacon,C1:E2:F7:D0:6B:8C,6,-82,03:58.6
03:58.6,AgileVision Beacon,F7:7C:03:9B:24:1D,5,-85,03:58.6
03:58.7,AgileVision Beacon,FB:48:A7:41:3F:C8,3,-83,03:58.7
03:58.7,AgileVision Beacon,E6:19:C3:98:50:7C,4,-84,03:58.7
03:58.7,AgileVision Beacon,C8:7E:06:A7:D7:3E,1,-45,03:58.7
03:58.8,AgileVision Beacon,D9:77:0F:A8:70:38,2,-75,03:58.8
03:59.1,AgileVision Beacon,C8:7E:06:A7:D7:3E,1,-44,03:59.1
03:59.1,AgileVision Beacon,E6:19:C3:98:50:7C,4,-85,03:59.1
03:59.1,AgileVision Beacon,F7:7C:03:9B:24:1D,5,-85,03:59.1
03:59.1,AgileVision Beacon,C1:E2:F7:D0:6B:8C,6,-82,03:59.1
03:59.1,AgileVision Beacon,FB:48:A7:41:3F:C8,3,-84,03:59.1
03:59.2,AgileVision Beacon,D9:77:0F:A8:70:38,2,-75,03:59.2
03:59.5,AgileVision Beacon,C8:7E:06:A7:D7:3E,1,-44,03:59.5
03:59.5,AgileVision Beacon,F7:7C:03:9B:24:1D,5,-86,03:59.5
03:59.5,AgileVision Beacon,C1:E2:F7:D0:6B:8C,6,-82,03:59.5
03:59.5,AgileVision Beacon,FB:48:A7:41:3F:C8,3,-84,03:59.5
03:59.6,AgileVision Beacon,E6:19:C3:98:50:7C,4,-84,03:59.6
03:59.6,AgileVision Beacon,D9:77:0F:A8:70:38,2,-75,03:59.6
03:59.9,AgileVision Beacon,E6:19:C3:98:50:7C,4,-85,03:59.9
03:59.9,AgileVision Beacon,D9:77:0F:A8:70:38,2,-76,03:59.9
03:59.9,AgileVision Beacon,C8:7E:06:A7:D7:3E,1,-44,03:59.9
03:59.9,AgileVision Beacon,C1:E2:F7:D0:6B:8C,6,-82,03:59.9
03:59.9,AgileVision Beacon,F7:7C:03:9B:24:1D,5,-86,03:59.9
04:00.0,AgileVision Beacon,FB:48:A7:41:3F:C8,3,-84,04:00.0
04:00.3,AgileVision Beacon,E6:19:C3:98:50:7C,4,-85,04:00.3
04:00.3,AgileVision Beacon,C8:7E:06:A7:D7:3E,1,-45,04:00.3
04:00.3,AgileVision Beacon,D9:77:0F:A8:70:38,2,-76,04:00.3
04:00.3,AgileVision Beacon,C1:E2:F7:D0:6B:8C,6,-82,04:00.3
04:00.4,AgileVision Beacon,F7:7C:03:9B:24:1D,5,-88,04:00.4
04:00.4,AgileVision Beacon,FB:48:A7:41:3F:C8,3,-84,04:00.4
04:00.7,AgileVision Beacon,C1:E2:F7:D0:6B:8C,6,-82,04:00.7
04:00.7,AgileVision Beacon,C8:7E:06:A7:D7:3E,1,-45,04:00.7
04:00.8,AgileVision Beacon,E6:19:C3:98:50:7C,4,-85,04:00.8
04:00.8,AgileVision Beacon,D9:77:0F:A8:70:38,2,-76,04:00.8
04:00.8,AgileVision Beacon,F7:7C:03:9B:24:1D,5,-87,04:00.8
04:00.8,AgileVision Beacon,FB:48:A7:41:3F:C8,3,-85,04:00.8
04:01.0,AgileVision Beacon,FB:48:A7:41:3F:C8,3,-84,04:01.0
04:01.1,AgileVision Beacon,C8:7E:06:A7:D7:3E,1,-45,04:01.1
04:01.2,AgileVision Beacon,E6:19:C3:98:50:7C,4,-86,04:01.2
04:01.2,AgileVision Beacon,D9:77:0F:A8:70:38,2,-76,04:01.2
04:01.2,AgileVision Beacon,C1:E2:F7:D0:6B:8C,6,-83,04:01.2
04:01.2,AgileVision Beacon,F7:7C:03:9B:24:1D,5,-87,04:01.2
04:01.5,AgileVision Beacon,FB:48:A7:41:3F:C8,3,-84,04:01.5
04:01.6,AgileVision Beacon,C8:7E:06:A7:D7:3E,1,-45,04:01.6
04:01.6,AgileVision Beacon,E6:19:C3:98:50:7C,4,-85,04:01.6
04:01.6,AgileVision Beacon,D9:77:0F:A8:70:38,2,-76,04:01.6
04:01.6,AgileVision Beacon,F7:7C:03:9B:24:1D,5,-87,04:01.6
04:01.6,AgileVision Beacon,C1:E2:F7:D0:6B:8C,6,-82,04:01.6
04:01.9,AgileVision Beacon,C8:7E:06:A7:D7:3E,1,-46,04:01.9
04:01.9,AgileVision Beacon,D9:77:0F:A8:70:38,2,-74,04:01.9
04:01.9,AgileVision Beacon,C1:E2:F7:D0:6B:8C,6,-78,04:01.9
04:02.0,AgileVision Beacon,FB:48:A7:41:3F:C8,3,-80,04:02.0
04:02.0,AgileVision Beacon,E6:19:C3:98:50:7C,4,-80,04:02.0
04:02.0,AgileVision Beacon,F7:7C:03:9B:24:1D,5,-76,04:02.0
04:02.3,AgileVision Beacon,F7:7C:03:9B:24:1D,5,-75,04:02.3
04:02.3,AgileVision Beacon,C1:E2:F7:D0:6B:8C,6,-78,04:02.3
04:02.4,AgileVision Beacon,FB:48:A7:41:3F:C8,3,-79,04:02.4
04:02.4,AgileVision Beacon,C8:7E:06:A7:D7:3E,1,-46,04:02.4
04:02.4,AgileVision Beacon,E6:19:C3:98:50:7C,4,-79,04:02.4
04:02.4,AgileVision Beacon,D9:77:0F:A8:70:38,2,-74,04:02.4
04:02.6,AgileVision Beacon,D9:77:0F:A8:70:38,2,-74,04:02.6
04:02.7,AgileVision Beacon,F7:7C:03:9B:24:1D,5,-75,04:02.7
04:02.7,AgileVision Beacon,E6:19:C3:98:50:7C,4,-79,04:02.7
04:02.8,AgileVision Beacon,C1:E2:F7:D0:6B:8C,6,-77,04:02.8
04:02.8,AgileVision Beacon,FB:48:A7:41:3F:C8,3,-80,04:02.8
04:02.8,AgileVision Beacon,C8:7E:06:A7:D7:3E,1,-46,04:02.8
04:03.1,AgileVision Beacon,E6:19:C3:98:50:7C,4,-79,04:03.1
04:03.1,AgileVision Beacon,F7:7C:03:9B:24:1D,5,-75,04:03.1
04:03.2,AgileVision Beacon,D9:77:0F:A8:70:38,2,-74,04:03.2
04:03.2,AgileVision Beacon,C1:E2:F7:D0:6B:8C,6,-78,04:03.2
04:03.2,AgileVision Beacon,FB:48:A7:41:3F:C8,3,-79,04:03.2
04:03.2,AgileVision Beacon,C8:7E:06:A7:D7:3E,1,-46,04:03.2
04:03.6,AgileVision Beacon,D9:77:0F:A8:70:38,2,-74,04:03.6
04:03.6,AgileVision Beacon,E6:19:C3:98:50:7C,4,-79,04:03.6
04:03.6,AgileVision Beacon,F7:7C:03:9B:24:1D,5,-75,04:03.6
04:03.6,AgileVision Beacon,C1:E2:F7:D0:6B:8C,6,-78,04:03.6
04:03.6,AgileVision Beacon,FB:48:A7:41:3F:C8,3,-80,04:03.6
04:03.6,AgileVision Beacon,C8:7E:06:A7:D7:3E,1,-46,04:03.6
04:03.8,AgileVision Beacon,F7:7C:03:9B:24:1D,5,-76,04:03.8
04:04.0,AgileVision Beacon,C8:7E:06:A7:D7:3E,1,-47,04:04.0
04:04.0,AgileVision Beacon,E6:19:C3:98:50:7C,4,-80,04:04.0
04:04.0,AgileVision Beacon,D9:77:0F:A8:70:38,2,-74,04:04.0
04:04.0,AgileVision Beacon,C1:E2:F7:D0:6B:8C,6,-78,04:04.0
04:04.0,AgileVision Beacon,FB:48:A7:41:3F:C8,3,-80,04:04.0
04:04.3,AgileVision Beacon,D9:77:0F:A8:70:38,2,-74,04:04.3
04:04.4,AgileVision Beacon,FB:48:A7:41:3F:C8,3,-81,04:04.4
04:04.4,AgileVision Beacon,C8:7E:06:A7:D7:3E,1,-46,04:04.4
04:04.4,AgileVision Beacon,E6:19:C3:98:50:7C,4,-80,04:04.4
04:04.4,AgileVision Beacon,F7:7C:03:9B:24:1D,5,-76,04:04.4
04:04.4,AgileVision Beacon,C1:E2:F7:D0:6B:8C,6,-78,04:04.4
04:04.6,AgileVision Beacon,D9:77:0F:A8:70:38,2,-74,04:04.6
04:04.7,AgileVision Beacon,F7:7C:03:9B:24:1D,5,-75,04:04.7
04:04.8,AgileVision Beacon,FB:48:A7:41:3F:C8,3,-80,04:04.8
04:04.8,AgileVision Beacon,C8:7E:06:A7:D7:3E,1,-46,04:04.8
04:04.8,AgileVision Beacon,E6:19:C3:98:50:7C,4,-80,04:04.8
04:04.9,AgileVision Beacon,C1:E2:F7:D0:6B:8C,6,-78,04:04.9
04:05.2,AgileVision Beacon,F7:7C:03:9B:24:1D,5,-75,04:05.2
04:05.2,AgileVision Beacon,D9:77:0F:A8:70:38,2,-74,04:05.2
04:05.2,AgileVision Beacon,C1:E2:F7:D0:6B:8C,6,-78,04:05.2
04:05.2,AgileVision Beacon,FB:48:A7:41:3F:C8,3,-80,04:05.2
04:05.2,AgileVision Beacon,C8:7E:06:A7:D7:3E,1,-46,04:05.2
04:05.3,AgileVision Beacon,E6:19:C3:98:50:7C,4,-79,04:05.3
04:05.5,AgileVision Beacon,F7:7C:03:9B:24:1D,5,-75,04:05.5
04:05.6,AgileVision Beacon,D9:77:0F:A8:70:38,2,-74,04:05.6
04:05.6,AgileVision Beacon,C1:E2:F7:D0:6B:8C,6,-78,04:05.6
04:05.6,AgileVision Beacon,FB:48:A7:41:3F:C8,3,-80,04:05.6
04:05.6,AgileVision Beacon,C8:7E:06:A7:D7:3E,1,-45,04:05.6
04:05.7,AgileVision Beacon,E6:19:C3:98:50:7C,4,-79,04:05.7
04:06.0,AgileVision Beacon,E6:19:C3:98:50:7C,4,-79,04:06.0
04:06.0,AgileVision Beacon,D9:77:0F:A8:70:38,2,-77,04:06.0
04:06.0,AgileVision Beacon,C1:E2:F7:D0:6B:8C,6,-77,04:06.0
04:06.0,AgileVision Beacon,F7:7C:03:9B:24:1D,5,-76,04:06.0
04:06.0,AgileVision Beacon,FB:48:A7:41:3F:C8,3,-80,04:06.0
04:06.1,AgileVision Beacon,C8:7E:06:A7:D7:3E,1,-47,04:06.1
04:06.4,AgileVision Beacon,E6:19:C3:98:50:7C,4,-81,04:06.4
04:06.4,AgileVision Beacon,D9:77:0F:A8:70:38,2,-78,04:06.4
04:06.4,AgileVision Beacon,C1:E2:F7:D0:6B:8C,6,-78,04:06.4
04:06.4,AgileVision Beacon,F7:7C:03:9B:24:1D,5,-77,04:06.4
04:06.4,AgileVision Beacon,FB:48:A7:41:3F:C8,3,-81,04:06.4
04:06.5,AgileVision Beacon,C8:7E:06:A7:D7:3E,1,-47,04:06.5
04:06.7,AgileVision Beacon,C1:E2:F7:D0:6B:8C,6,-78,04:06.7
04:06.8,AgileVision Beacon,C8:7E:06:A7:D7:3E,1,-47,04:06.8
04:06.8,AgileVision Beacon,E6:19:C3:98:50:7C,4,-77,04:06.8
04:06.8,AgileVision Beacon,D9:77:0F:A8:70:38,2,-77,04:06.8
04:06.8,AgileVision Beacon,F7:7C:03:9B:24:1D,5,-81,04:06.8
04:06.9,AgileVision Beacon,FB:48:A7:41:3F:C8,3,-81,04:06.9
04:07.2,AgileVision Beacon,FB:48:A7:41:3F:C8,3,-81,04:07.2
04:07.2,AgileVision Beacon,C8:7E:06:A7:D7:3E,1,-46,04:07.2
04:07.2,AgileVision Beacon,E6:19:C3:98:50:7C,4,-77,04:07.2
04:07.3,AgileVision Beacon,D9:77:0F:A8:70:38,2,-77,04:07.3
04:07.3,AgileVision Beacon,F7:7C:03:9B:24:1D,5,-80,04:07.3
04:07.3,AgileVision Beacon,C1:E2:F7:D0:6B:8C,6,-81,04:07.3
04:07.6,AgileVision Beacon,D9:77:0F:A8:70:38,2,-78,04:07.6
04:07.6,AgileVision Beacon,F7:7C:03:9B:24:1D,5,-80,04:07.6
04:07.6,AgileVision Beacon,C1:E2:F7:D0:6B:8C,6,-80,04:07.6
04:07.6,AgileVision Beacon,FB:48:A7:41:3F:C8,3,-82,04:07.6
04:07.6,AgileVision Beacon,C8:7E:06:A7:D7:3E,1,-46,04:07.6
04:07.7,AgileVision Beacon,E6:19:C3:98:50:7C,4,-77,04:07.7
04:07.9,AgileVision Beacon,D9:77:0F:A8:70:38,2,-78,04:07.9
04:07.9,AgileVision Beacon,F7:7C:03:9B:24:1D,5,-79,04:07.9
04:07.9,AgileVision Beacon,FB:48:A7:41:3F:C8,3,-82,04:07.9
04:08.0,AgileVision Beacon,C1:E2:F7:D0:6B:8C,6,-81,04:08.0
04:08.1,AgileVision Beacon,C8:7E:06:A7:D7:3E,1,-46,04:08.1
04:08.1,AgileVision Beacon,E6:19:C3:98:50:7C,4,-77,04:08.1
04:08.4,AgileVision Beacon,F7:7C:03:9B:24:1D,5,-79,04:08.4
04:08.4,AgileVision Beacon,D9:77:0F:A8:70:38,2,-78,04:08.4
04:08.4,AgileVision Beacon,C1:E2:F7:D0:6B:8C,6,-81,04:08.4
04:08.4,AgileVision Beacon,FB:48:A7:41:3F:C8,3,-82,04:08.4
04:08.5,AgileVision Beacon,C8:7E:06:A7:D7:3E,1,-47,04:08.5
04:08.5,AgileVision Beacon,E6:19:C3:98:50:7C,4,-77,04:08.5
04:08.8,AgileVision Beacon,E6:19:C3:98:50:7C,4,-77,04:08.8
04:08.8,AgileVision Beacon,F7:7C:03:9B:24:1D,5,-78,04:08.8
04:08.8,AgileVision Beacon,D9:77:0F:A8:70:38,2,-78,04:08.8
04:08.9,AgileVision Beacon,C1:E2:F7:D0:6B:8C,6,-81,04:08.9
04:08.9,AgileVision Beacon,FB:48:A7:41:3F:C8,3,-82,04:08.9
04:08.9,AgileVision Beacon,C8:7E:06:A7:D7:3E,1,-47,04:08.9
04:09.2,AgileVision Beacon,E6:19:C3:98:50:7C,4,-77,04:09.2
04:09.2,AgileVision Beacon,F7:7C:03:9B:24:1D,5,-79,04:09.2
04:09.3,AgileVision Beacon,D9:77:0F:A8:70:38,2,-80,04:09.3
04:09.3,AgileVision Beacon,C1:E2:F7:D0:6B:8C,6,-82,04:09.3
04:09.3,AgileVision Beacon,FB:48:A7:41:3F:C8,3,-82,04:09.3
04:09.3,AgileVision Beacon,C8:7E:06:A7:D7:3E,1,-46,04:09.3
04:09.6,AgileVision Beacon,F7:7C:03:9B:24:1D,5,-79,04:09.6
04:09.6,AgileVision Beacon,C8:7E:06:A7:D7:3E,1,-46,04:09.6
04:09.6,AgileVision Beacon,E6:19:C3:98:50:7C,4,-78,04:09.6
04:09.7,AgileVision Beacon,D9:77:0F:A8:70:38,2,-81,04:09.7
04:09.7,AgileVision Beacon,C1:E2:F7:D0:6B:8C,6,-83,04:09.7
04:09.7,AgileVision Beacon,FB:48:A7:41:3F:C8,3,-82,04:09.7
04:10.0,AgileVision Beacon,D9:77:0F:A8:70:38,2,-84,04:10.0
04:10.0,AgileVision Beacon,FB:48:A7:41:3F:C8,3,-83,04:10.0
04:10.1,AgileVision Beacon,C8:7E:06:A7:D7:3E,1,-47,04:10.1
04:10.1,AgileVision Beacon,E6:19:C3:98:50:7C,4,-78,04:10.1
04:10.1,AgileVision Beacon,F7:7C:03:9B:24:1D,5,-79,04:10.1
04:10.1,AgileVision Beacon,C1:E2:F7:D0:6B:8C,6,-82,04:10.1
04:10.4,AgileVision Beacon,C1:E2:F7:D0:6B:8C,6,-84,04:10.4
04:10.4,AgileVision Beacon,FB:48:A7:41:3F:C8,3,-84,04:10.4
04:10.5,AgileVision Beacon,C8:7E:06:A7:D7:3E,1,-49,04:10.5
04:10.5,AgileVision Beacon,E6:19:C3:98:50:7C,4,-79,04:10.5
04:10.5,AgileVision Beacon,F7:7C:03:9B:24:1D,5,-80,04:10.5
04:10.5,AgileVision Beacon,D9:77:0F:A8:70:38,2,-83,04:10.5
04:10.8,AgileVision Beacon,D9:77:0F:A8:70:38,2,-84,04:10.8
04:10.8,AgileVision Beacon,C1:E2:F7:D0:6B:8C,6,-85,04:10.8
04:10.9,AgileVision Beacon,FB:48:A7:41:3F:C8,3,-84,04:10.9
04:10.9,AgileVision Beacon,C8:7E:06:A7:D7:3E,1,-48,04:10.9
04:10.9,AgileVision Beacon,E6:19:C3:98:50:7C,4,-79,04:10.9
04:10.9,AgileVision Beacon,F7:7C:03:9B:24:1D,5,-81,04:10.9
04:11.2,AgileVision Beacon,C1:E2:F7:D0:6B:8C,6,-87,04:11.2
04:11.2,AgileVision Beacon,F7:7C:03:9B:24:1D,5,-84,04:11.2
04:11.3,AgileVision Beacon,D9:77:0F:A8:70:38,2,-83,04:11.3
04:11.3,AgileVision Beacon,FB:48:A7:41:3F:C8,3,-83,04:11.3
04:11.3,AgileVision Beacon,C8:7E:06:A7:D7:3E,1,-45,04:11.3
04:11.3,AgileVision Beacon,E6:19:C3:98:50:7C,4,-81,04:11.3
